id,name,license,source,url
D020150,Chorea Gravidarum,CC0 1.0,MeSH,http://identifiers.org/mesh/D020150
D006606,Hiccup,CC0 1.0,MeSH,http://identifiers.org/mesh/D006606
D014826,Vocal Cord Paralysis,CC0 1.0,MeSH,http://identifiers.org/mesh/D014826
D005221,Fatigue,CC0 1.0,MeSH,http://identifiers.org/mesh/D005221
D000370,Ageusia,CC0 1.0,MeSH,http://identifiers.org/mesh/D000370
D010292,Paresthesia,CC0 1.0,MeSH,http://identifiers.org/mesh/D010292
D004172,Diplopia,CC0 1.0,MeSH,http://identifiers.org/mesh/D004172
D054972,Postural Orthostatic Tachycardia Syndrome,CC0 1.0,MeSH,http://identifiers.org/mesh/D054972
D059350,Chronic Pain,CC0 1.0,MeSH,http://identifiers.org/mesh/D059350
D015354,"Vision, Low",CC0 1.0,MeSH,http://identifiers.org/mesh/D015354
D002637,Chest Pain,CC0 1.0,MeSH,http://identifiers.org/mesh/D002637
D005316,Fetal Distress,CC0 1.0,MeSH,http://identifiers.org/mesh/D005316
D020886,Somatosensory Disorders,CC0 1.0,MeSH,http://identifiers.org/mesh/D020886
D006816,Huntington Disease,CC0 1.0,MeSH,http://identifiers.org/mesh/D006816
D007565,Jaundice,CC0 1.0,MeSH,http://identifiers.org/mesh/D007565
D018886,"Aphasia, Conduction",CC0 1.0,MeSH,http://identifiers.org/mesh/D018886
D017624,WAGR Syndrome,CC0 1.0,MeSH,http://identifiers.org/mesh/D017624
D012607,Scotoma,CC0 1.0,MeSH,http://identifiers.org/mesh/D012607
D019547,Neck Pain,CC0 1.0,MeSH,http://identifiers.org/mesh/D019547
D004614,Emaciation,CC0 1.0,MeSH,http://identifiers.org/mesh/D004614
D050177,Overweight,CC0 1.0,MeSH,http://identifiers.org/mesh/D050177
D055111,Failed Back Surgery Syndrome,CC0 1.0,MeSH,http://identifiers.org/mesh/D055111
D015431,Weight Loss,CC0 1.0,MeSH,http://identifiers.org/mesh/D015431
D012001,Hyperacusis,CC0 1.0,MeSH,http://identifiers.org/mesh/D012001
D020183,Nocturnal Paroxysmal Dystonia,CC0 1.0,MeSH,http://identifiers.org/mesh/D020183
D020237,"Alexia, Pure",CC0 1.0,MeSH,http://identifiers.org/mesh/D020237
D003244,Consciousness Disorders,CC0 1.0,MeSH,http://identifiers.org/mesh/D003244
D012415,Rubinstein-Taybi Syndrome,CC0 1.0,MeSH,http://identifiers.org/mesh/D012415
D020207,"Coma, Post-Head Injury",CC0 1.0,MeSH,http://identifiers.org/mesh/D020207
D014823,Vitreous Hemorrhage,CC0 1.0,MeSH,http://identifiers.org/mesh/D014823
D006942,Hypergammaglobulinemia,CC0 1.0,MeSH,http://identifiers.org/mesh/D006942
D003639,"Hearing Loss, Sudden",CC0 1.0,MeSH,http://identifiers.org/mesh/D003639
D009846,Oliguria,CC0 1.0,MeSH,http://identifiers.org/mesh/D009846
D001416,Back Pain,CC0 1.0,MeSH,http://identifiers.org/mesh/D001416
D010146,Pain,CC0 1.0,MeSH,http://identifiers.org/mesh/D010146
D010591,Phantom Limb,CC0 1.0,MeSH,http://identifiers.org/mesh/D010591
D009461,Neurologic Manifestations,CC0 1.0,MeSH,http://identifiers.org/mesh/D009461
D053591,"Pain, Referred",CC0 1.0,MeSH,http://identifiers.org/mesh/D053591
D020447,Parasomnias,CC0 1.0,MeSH,http://identifiers.org/mesh/D020447
D059787,Acute Pain,CC0 1.0,MeSH,http://identifiers.org/mesh/D059787
D009123,Muscle Hypotonia,CC0 1.0,MeSH,http://identifiers.org/mesh/D009123
D055958,Piriformis Muscle Syndrome,CC0 1.0,MeSH,http://identifiers.org/mesh/D055958
D003128,Coma,CC0 1.0,MeSH,http://identifiers.org/mesh/D003128
D011697,"Purpura, Thrombotic Thrombocytopenic",CC0 1.0,MeSH,http://identifiers.org/mesh/D011697
D014770,Virilism,CC0 1.0,MeSH,http://identifiers.org/mesh/D014770
D006685,Hoarseness,CC0 1.0,MeSH,http://identifiers.org/mesh/D006685
D012585,Sciatica,CC0 1.0,MeSH,http://identifiers.org/mesh/D012585
D011695,"Purpura, Schoenlein-Henoch",CC0 1.0,MeSH,http://identifiers.org/mesh/D011695
D037061,Metatarsalgia,CC0 1.0,MeSH,http://identifiers.org/mesh/D037061
D009041,Motion Sickness,CC0 1.0,MeSH,http://identifiers.org/mesh/D009041
D005334,Fever,CC0 1.0,MeSH,http://identifiers.org/mesh/D005334
D016553,"Purpura, Thrombocytopenic, Idiopathic",CC0 1.0,MeSH,http://identifiers.org/mesh/D016553
D009207,Myoclonus,CC0 1.0,MeSH,http://identifiers.org/mesh/D009207
D010845,Obesity Hypoventilation Syndrome,CC0 1.0,MeSH,http://identifiers.org/mesh/D010845
D004487,Edema,CC0 1.0,MeSH,http://identifiers.org/mesh/D004487
D013746,Tetany,CC0 1.0,MeSH,http://identifiers.org/mesh/D013746
D041781,"Jaundice, Obstructive",CC0 1.0,MeSH,http://identifiers.org/mesh/D041781
D000849,Anomia,CC0 1.0,MeSH,http://identifiers.org/mesh/D000849
D011537,Pruritus,CC0 1.0,MeSH,http://identifiers.org/mesh/D011537
D059411,Lower Urinary Tract Symptoms,CC0 1.0,MeSH,http://identifiers.org/mesh/D059411
D006313,"Hearing Loss, Central",CC0 1.0,MeSH,http://identifiers.org/mesh/D006313
D018771,Arthralgia,CC0 1.0,MeSH,http://identifiers.org/mesh/D018771
D013494,"Supranuclear Palsy, Progressive",CC0 1.0,MeSH,http://identifiers.org/mesh/D013494
D004244,Dizziness,CC0 1.0,MeSH,http://identifiers.org/mesh/D004244
D059245,Transient Tachypnea of the Newborn,CC0 1.0,MeSH,http://identifiers.org/mesh/D059245
D020069,Shoulder Pain,CC0 1.0,MeSH,http://identifiers.org/mesh/D020069
D016857,Hypocapnia,CC0 1.0,MeSH,http://identifiers.org/mesh/D016857
D019462,"Syncope, Vasovagal",CC0 1.0,MeSH,http://identifiers.org/mesh/D019462
D004454,Echolalia,CC0 1.0,MeSH,http://identifiers.org/mesh/D004454
D001836,Body Weight Changes,CC0 1.0,MeSH,http://identifiers.org/mesh/D001836
D019584,Hot Flashes,CC0 1.0,MeSH,http://identifiers.org/mesh/D019584
D005158,Facial Paralysis,CC0 1.0,MeSH,http://identifiers.org/mesh/D005158
D000270,Adie Syndrome,CC0 1.0,MeSH,http://identifiers.org/mesh/D000270
D001259,Ataxia,CC0 1.0,MeSH,http://identifiers.org/mesh/D001259
D013575,Syncope,CC0 1.0,MeSH,http://identifiers.org/mesh/D013575
D001039,"Aphasia, Broca",CC0 1.0,MeSH,http://identifiers.org/mesh/D001039
D038921,Coffin-Lowry Syndrome,CC0 1.0,MeSH,http://identifiers.org/mesh/D038921
D012893,Sleep Disorders,CC0 1.0,MeSH,http://identifiers.org/mesh/D012893
D066190,Allesthesia,CC0 1.0,MeSH,http://identifiers.org/mesh/D066190
D056844,Renal Colic,CC0 1.0,MeSH,http://identifiers.org/mesh/D056844
D020828,Pseudobulbar Palsy,CC0 1.0,MeSH,http://identifiers.org/mesh/D020828
D003371,Cough,CC0 1.0,MeSH,http://identifiers.org/mesh/D003371
D008065,Lipoid Proteinosis of Urbach and Wiethe,CC0 1.0,MeSH,http://identifiers.org/mesh/D008065
D020567,Fetal Weight,CC0 1.0,MeSH,http://identifiers.org/mesh/D020567
D057178,Primary Progressive Nonfluent Aphasia,CC0 1.0,MeSH,http://identifiers.org/mesh/D057178
D019569,Hemifacial Spasm,CC0 1.0,MeSH,http://identifiers.org/mesh/D019569
D006935,Hypercapnia,CC0 1.0,MeSH,http://identifiers.org/mesh/D006935
D018614,Sweating Sickness,CC0 1.0,MeSH,http://identifiers.org/mesh/D018614
D006930,Hyperalgesia,CC0 1.0,MeSH,http://identifiers.org/mesh/D006930
D019954,Neurobehavioral Manifestations,CC0 1.0,MeSH,http://identifiers.org/mesh/D019954
D034381,Hearing Loss,CC0 1.0,MeSH,http://identifiers.org/mesh/D034381
D015746,Abdominal Pain,CC0 1.0,MeSH,http://identifiers.org/mesh/D015746
D002389,Catatonia,CC0 1.0,MeSH,http://identifiers.org/mesh/D002389
D011141,Polyuria,CC0 1.0,MeSH,http://identifiers.org/mesh/D011141
D020181,"Sleep Apnea, Obstructive",CC0 1.0,MeSH,http://identifiers.org/mesh/D020181
D004415,Dyspepsia,CC0 1.0,MeSH,http://identifiers.org/mesh/D004415
D020270,Alcohol Withdrawal Seizures,CC0 1.0,MeSH,http://identifiers.org/mesh/D020270
D006628,Hirsutism,CC0 1.0,MeSH,http://identifiers.org/mesh/D006628
D006319,"Hearing Loss, Sensorineural",CC0 1.0,MeSH,http://identifiers.org/mesh/D006319
D010167,Pallor,CC0 1.0,MeSH,http://identifiers.org/mesh/D010167
D020324,"Amnesia, Anterograde",CC0 1.0,MeSH,http://identifiers.org/mesh/D020324
D004411,"Dyslexia, Acquired",CC0 1.0,MeSH,http://identifiers.org/mesh/D004411
D005130,Eye Hemorrhage,CC0 1.0,MeSH,http://identifiers.org/mesh/D005130
D011218,Prader-Willi Syndrome,CC0 1.0,MeSH,http://identifiers.org/mesh/D011218
D059373,Mastodynia,CC0 1.0,MeSH,http://identifiers.org/mesh/D059373
D059226,Nociceptive Pain,CC0 1.0,MeSH,http://identifiers.org/mesh/D059226
D004410,Dyslexia,CC0 1.0,MeSH,http://identifiers.org/mesh/D004410
D020235,Gait Apraxia,CC0 1.0,MeSH,http://identifiers.org/mesh/D020235
D014313,Trismus,CC0 1.0,MeSH,http://identifiers.org/mesh/D014313
D015518,Rett Syndrome,CC0 1.0,MeSH,http://identifiers.org/mesh/D015518
D006970,Disorders of Excessive Somnolence,CC0 1.0,MeSH,http://identifiers.org/mesh/D006970
D014202,Tremor,CC0 1.0,MeSH,http://identifiers.org/mesh/D014202
D005311,Fetal Hypoxia,CC0 1.0,MeSH,http://identifiers.org/mesh/D005311
D004433,Earache,CC0 1.0,MeSH,http://identifiers.org/mesh/D004433
D011602,Psychophysiologic Disorders,CC0 1.0,MeSH,http://identifiers.org/mesh/D011602
D000425,Alcohol Amnestic Disorder,CC0 1.0,MeSH,http://identifiers.org/mesh/D000425
D020336,"Paraparesis, Spastic",CC0 1.0,MeSH,http://identifiers.org/mesh/D020336
D018476,Hypokinesia,CC0 1.0,MeSH,http://identifiers.org/mesh/D018476
D054068,Livedo Reticularis,CC0 1.0,MeSH,http://identifiers.org/mesh/D054068
D003655,Decerebrate State,CC0 1.0,MeSH,http://identifiers.org/mesh/D003655
D006939,Hyperemesis Gravidarum,CC0 1.0,MeSH,http://identifiers.org/mesh/D006939
D006396,Hematemesis,CC0 1.0,MeSH,http://identifiers.org/mesh/D006396
D018437,Brown-Sequard Syndrome,CC0 1.0,MeSH,http://identifiers.org/mesh/D018437
D048949,Labor Pain,CC0 1.0,MeSH,http://identifiers.org/mesh/D048949
D062706,Prodromal Symptoms,CC0 1.0,MeSH,http://identifiers.org/mesh/D062706
D020182,"Sleep Apnea, Central",CC0 1.0,MeSH,http://identifiers.org/mesh/D020182
D020879,Neuromuscular Manifestations,CC0 1.0,MeSH,http://identifiers.org/mesh/D020879
D003248,Constipation,CC0 1.0,MeSH,http://identifiers.org/mesh/D003248
D004408,Dysgeusia,CC0 1.0,MeSH,http://identifiers.org/mesh/D004408
D001264,Athetosis,CC0 1.0,MeSH,http://identifiers.org/mesh/D001264
D007805,Language Development Disorders,CC0 1.0,MeSH,http://identifiers.org/mesh/D007805
D063806,Myalgia,CC0 1.0,MeSH,http://identifiers.org/mesh/D063806
D011539,Pruritus Vulvae,CC0 1.0,MeSH,http://identifiers.org/mesh/D011539
D004418,"Dyspnea, Paroxysmal",CC0 1.0,MeSH,http://identifiers.org/mesh/D004418
D013009,Somnambulism,CC0 1.0,MeSH,http://identifiers.org/mesh/D013009
D005926,Glossalgia,CC0 1.0,MeSH,http://identifiers.org/mesh/D005926
D012913,Snoring,CC0 1.0,MeSH,http://identifiers.org/mesh/D012913
D002832,Choroid Hemorrhage,CC0 1.0,MeSH,http://identifiers.org/mesh/D002832
D020238,Prosopagnosia,CC0 1.0,MeSH,http://identifiers.org/mesh/D020238
D010468,Perceptual Disorders,CC0 1.0,MeSH,http://identifiers.org/mesh/D010468
D019575,"Blindness, Cortical",CC0 1.0,MeSH,http://identifiers.org/mesh/D019575
D010291,Paresis,CC0 1.0,MeSH,http://identifiers.org/mesh/D010291
D020177,"Hypersomnolence, Idiopathic",CC0 1.0,MeSH,http://identifiers.org/mesh/D020177
D005335,Fever of Unknown Origin,CC0 1.0,MeSH,http://identifiers.org/mesh/D005335
D017827,Machado-Joseph Disease,CC0 1.0,MeSH,http://identifiers.org/mesh/D017827
D020915,Korsakoff Syndrome,CC0 1.0,MeSH,http://identifiers.org/mesh/D020915
D007706,Menkes Kinky Hair Syndrome,CC0 1.0,MeSH,http://identifiers.org/mesh/D007706
D005183,Failure to Thrive,CC0 1.0,MeSH,http://identifiers.org/mesh/D005183
D056128,"Obesity, Abdominal",CC0 1.0,MeSH,http://identifiers.org/mesh/D056128
D051346,Mobility Limitation,CC0 1.0,MeSH,http://identifiers.org/mesh/D051346
D053448,Prostatism,CC0 1.0,MeSH,http://identifiers.org/mesh/D053448
D018908,Muscle Weakness,CC0 1.0,MeSH,http://identifiers.org/mesh/D018908
D009903,Optical Illusions,CC0 1.0,MeSH,http://identifiers.org/mesh/D009903
D001247,Asthenia,CC0 1.0,MeSH,http://identifiers.org/mesh/D001247
D001041,"Aphasia, Wernicke",CC0 1.0,MeSH,http://identifiers.org/mesh/D001041
D020385,Myokymia,CC0 1.0,MeSH,http://identifiers.org/mesh/D020385
D013064,Speech Disorders,CC0 1.0,MeSH,http://identifiers.org/mesh/D013064
D014103,Torticollis,CC0 1.0,MeSH,http://identifiers.org/mesh/D014103
D014884,Waterhouse-Friderichsen Syndrome,CC0 1.0,MeSH,http://identifiers.org/mesh/D014884
D063766,Pediatric Obesity,CC0 1.0,MeSH,http://identifiers.org/mesh/D063766
D011538,Pruritus Ani,CC0 1.0,MeSH,http://identifiers.org/mesh/D011538
D007331,Insulin Coma,CC0 1.0,MeSH,http://identifiers.org/mesh/D007331
D005483,Flushing,CC0 1.0,MeSH,http://identifiers.org/mesh/D005483
D062026,Alice in Wonderland Syndrome,CC0 1.0,MeSH,http://identifiers.org/mesh/D062026
D008998,Monoclonal Gammopathy of Undetermined Significance,CC0 1.0,MeSH,http://identifiers.org/mesh/D008998
D001049,Apnea,CC0 1.0,MeSH,http://identifiers.org/mesh/D001049
D020919,"Sleep Disorders, Intrinsic",CC0 1.0,MeSH,http://identifiers.org/mesh/D020919
D053201,"Urinary Bladder, Overactive",CC0 1.0,MeSH,http://identifiers.org/mesh/D053201
D018458,Persistent Vegetative State,CC0 1.0,MeSH,http://identifiers.org/mesh/D018458
D009325,Nausea,CC0 1.0,MeSH,http://identifiers.org/mesh/D009325
D053584,Urinoma,CC0 1.0,MeSH,http://identifiers.org/mesh/D053584
D011596,Psychomotor Disorders,CC0 1.0,MeSH,http://identifiers.org/mesh/D011596
D012640,Seizures,CC0 1.0,MeSH,http://identifiers.org/mesh/D012640
D009155,Mutism,CC0 1.0,MeSH,http://identifiers.org/mesh/D009155
D001724,Birth Weight,CC0 1.0,MeSH,http://identifiers.org/mesh/D001724
D053565,Hypercalciuria,CC0 1.0,MeSH,http://identifiers.org/mesh/D053565
D010148,"Pain, Intractable",CC0 1.0,MeSH,http://identifiers.org/mesh/D010148
D004421,Dystonia,CC0 1.0,MeSH,http://identifiers.org/mesh/D004421
D002558,Cerebrospinal Fluid Otorrhea,CC0 1.0,MeSH,http://identifiers.org/mesh/D002558
D017109,"Akathisia, Drug-Induced",CC0 1.0,MeSH,http://identifiers.org/mesh/D017109
D000648,"Amnesia, Retrograde",CC0 1.0,MeSH,http://identifiers.org/mesh/D000648
D013342,Stuttering,CC0 1.0,MeSH,http://identifiers.org/mesh/D013342
D006469,Hemoptysis,CC0 1.0,MeSH,http://identifiers.org/mesh/D006469
D013651,Taste Disorders,CC0 1.0,MeSH,http://identifiers.org/mesh/D013651
D059607,"Polydipsia, Psychogenic",CC0 1.0,MeSH,http://identifiers.org/mesh/D059607
D002559,Cerebrospinal Fluid Rhinorrhea,CC0 1.0,MeSH,http://identifiers.org/mesh/D002559
D006212,Hallucinations,CC0 1.0,MeSH,http://identifiers.org/mesh/D006212
D006988,Hyphema,CC0 1.0,MeSH,http://identifiers.org/mesh/D006988
D017699,Pelvic Pain,CC0 1.0,MeSH,http://identifiers.org/mesh/D017699
D020189,Nocturnal Myoclonus Syndrome,CC0 1.0,MeSH,http://identifiers.org/mesh/D020189
D010149,"Pain, Postoperative",CC0 1.0,MeSH,http://identifiers.org/mesh/D010149
D006963,Hyperphagia,CC0 1.0,MeSH,http://identifiers.org/mesh/D006963
D020233,"Gait Disorders, Neurologic",CC0 1.0,MeSH,http://identifiers.org/mesh/D020233
D054062,Deaf-Blind Disorders,CC0 1.0,MeSH,http://identifiers.org/mesh/D054062
D015845,Tonic Pupil,CC0 1.0,MeSH,http://identifiers.org/mesh/D015845
D000419,Albuminuria,CC0 1.0,MeSH,http://identifiers.org/mesh/D000419
D008569,Memory Disorders,CC0 1.0,MeSH,http://identifiers.org/mesh/D008569
D059388,Pelvic Girdle Pain,CC0 1.0,MeSH,http://identifiers.org/mesh/D059388
D020922,Sleep-Wake Transition Disorders,CC0 1.0,MeSH,http://identifiers.org/mesh/D020922
D009133,Muscular Atrophy,CC0 1.0,MeSH,http://identifiers.org/mesh/D009133
D020078,Neurogenic Inflammation,CC0 1.0,MeSH,http://identifiers.org/mesh/D020078
D053609,Lethargy,CC0 1.0,MeSH,http://identifiers.org/mesh/D053609
D017593,Kleine-Levin Syndrome,CC0 1.0,MeSH,http://identifiers.org/mesh/D017593
D009222,Myotonia,CC0 1.0,MeSH,http://identifiers.org/mesh/D009222
D000326,Adrenoleukodystrophy,CC0 1.0,MeSH,http://identifiers.org/mesh/D000326
D015877,Miosis,CC0 1.0,MeSH,http://identifiers.org/mesh/D015877
D009755,Night Blindness,CC0 1.0,MeSH,http://identifiers.org/mesh/D009755
D006941,Hyperesthesia,CC0 1.0,MeSH,http://identifiers.org/mesh/D006941
D006261,Headache,CC0 1.0,MeSH,http://identifiers.org/mesh/D006261
D006317,"Hearing Loss, Noise-Induced",CC0 1.0,MeSH,http://identifiers.org/mesh/D006317
D011694,"Purpura, Hyperglobulinemic",CC0 1.0,MeSH,http://identifiers.org/mesh/D011694
D053608,Stupor,CC0 1.0,MeSH,http://identifiers.org/mesh/D053608
D002385,Cataplexy,CC0 1.0,MeSH,http://identifiers.org/mesh/D002385
D006732,Horner Syndrome,CC0 1.0,MeSH,http://identifiers.org/mesh/D006732
D020240,"Apraxia, Ideomotor",CC0 1.0,MeSH,http://identifiers.org/mesh/D020240
D012817,"Signs and Symptoms, Digestive",CC0 1.0,MeSH,http://identifiers.org/mesh/D012817
D006209,Halitosis,CC0 1.0,MeSH,http://identifiers.org/mesh/D006209
D000860,Anoxia,CC0 1.0,MeSH,http://identifiers.org/mesh/D000860
D007926,Lesch-Nyhan Syndrome,CC0 1.0,MeSH,http://identifiers.org/mesh/D007926
D005207,Fasciculation,CC0 1.0,MeSH,http://identifiers.org/mesh/D005207
D045262,Reticulocytosis,CC0 1.0,MeSH,http://identifiers.org/mesh/D045262
D005600,Fragile X Syndrome,CC0 1.0,MeSH,http://identifiers.org/mesh/D005600
D000334,Aerophagy,CC0 1.0,MeSH,http://identifiers.org/mesh/D000334
D000788,"Angina Pectoris, Variant",CC0 1.0,MeSH,http://identifiers.org/mesh/D000788
D001926,Brain Death,CC0 1.0,MeSH,http://identifiers.org/mesh/D001926
D020236,"Amnesia, Transient Global",CC0 1.0,MeSH,http://identifiers.org/mesh/D020236
D012877,Skin Manifestations,CC0 1.0,MeSH,http://identifiers.org/mesh/D012877
D013851,Thinness,CC0 1.0,MeSH,http://identifiers.org/mesh/D013851
D014549,Urinary Incontinence,CC0 1.0,MeSH,http://identifiers.org/mesh/D014549
D012148,Restless Legs Syndrome,CC0 1.0,MeSH,http://identifiers.org/mesh/D012148
D018888,"Aphasia, Primary Progressive",CC0 1.0,MeSH,http://identifiers.org/mesh/D018888
D060050,"Angina, Stable",CC0 1.0,MeSH,http://identifiers.org/mesh/D060050
D012133,Respiratory Paralysis,CC0 1.0,MeSH,http://identifiers.org/mesh/D012133
D012135,Respiratory Sounds,CC0 1.0,MeSH,http://identifiers.org/mesh/D012135
D005320,Fetal Macrosomia,CC0 1.0,MeSH,http://identifiers.org/mesh/D005320
D053158,Nocturia,CC0 1.0,MeSH,http://identifiers.org/mesh/D053158
D000550,Amblyopia,CC0 1.0,MeSH,http://identifiers.org/mesh/D000550
D013035,Spasm,CC0 1.0,MeSH,http://identifiers.org/mesh/D013035
D004688,Encopresis,CC0 1.0,MeSH,http://identifiers.org/mesh/D004688
D020178,"Sleep Disorders, Circadian Rhythm",CC0 1.0,MeSH,http://identifiers.org/mesh/D020178
D064250,Hypertriglyceridemic Waist,CC0 1.0,MeSH,http://identifiers.org/mesh/D064250
D009058,Mouth Breathing,CC0 1.0,MeSH,http://identifiers.org/mesh/D009058
D059445,Anhedonia,CC0 1.0,MeSH,http://identifiers.org/mesh/D059445
D020920,Dyssomnias,CC0 1.0,MeSH,http://identifiers.org/mesh/D020920
D005683,Gagging,CC0 1.0,MeSH,http://identifiers.org/mesh/D005683
D001835,Body Weight,CC0 1.0,MeSH,http://identifiers.org/mesh/D001835
D003117,Color Vision Defects,CC0 1.0,MeSH,http://identifiers.org/mesh/D003117
D008607,Intellectual Disability,CC0 1.0,MeSH,http://identifiers.org/mesh/D008607
D034062,"Insomnia, Fatal Familial",CC0 1.0,MeSH,http://identifiers.org/mesh/D034062
D014832,Voice Disorders,CC0 1.0,MeSH,http://identifiers.org/mesh/D014832
D009437,Neuralgia,CC0 1.0,MeSH,http://identifiers.org/mesh/D009437
D060486,Ophthalmoplegic Migraine,CC0 1.0,MeSH,http://identifiers.org/mesh/D060486
D046088,"Hearing Loss, Unilateral",CC0 1.0,MeSH,http://identifiers.org/mesh/D046088
D054058,Acute Coronary Syndrome,CC0 1.0,MeSH,http://identifiers.org/mesh/D054058
D007088,Illusions,CC0 1.0,MeSH,http://identifiers.org/mesh/D007088
D001044,Aphonia,CC0 1.0,MeSH,http://identifiers.org/mesh/D001044
D002639,Cheyne-Stokes Respiration,CC0 1.0,MeSH,http://identifiers.org/mesh/D002639
D000857,Olfaction Disorders,CC0 1.0,MeSH,http://identifiers.org/mesh/D000857
D012912,Sneezing,CC0 1.0,MeSH,http://identifiers.org/mesh/D012912
D055955,Susac Syndrome,CC0 1.0,MeSH,http://identifiers.org/mesh/D055955
D015878,Mydriasis,CC0 1.0,MeSH,http://identifiers.org/mesh/D015878
D046608,Synkinesis,CC0 1.0,MeSH,http://identifiers.org/mesh/D046608
D014474,Unconsciousness,CC0 1.0,MeSH,http://identifiers.org/mesh/D014474
D006429,Hemiplegia,CC0 1.0,MeSH,http://identifiers.org/mesh/D006429
D004489,"Edema, Cardiac",CC0 1.0,MeSH,http://identifiers.org/mesh/D004489
D020186,Sleep Bruxism,CC0 1.0,MeSH,http://identifiers.org/mesh/D020186
D000647,Amnesia,CC0 1.0,MeSH,http://identifiers.org/mesh/D000647
D020335,Paraparesis,CC0 1.0,MeSH,http://identifiers.org/mesh/D020335
D001072,Apraxias,CC0 1.0,MeSH,http://identifiers.org/mesh/D001072
D017116,Low Back Pain,CC0 1.0,MeSH,http://identifiers.org/mesh/D017116
D000787,Angina Pectoris,CC0 1.0,MeSH,http://identifiers.org/mesh/D000787
D002819,Chorea,CC0 1.0,MeSH,http://identifiers.org/mesh/D002819
D020323,Tics,CC0 1.0,MeSH,http://identifiers.org/mesh/D020323
D000855,Anorexia,CC0 1.0,MeSH,http://identifiers.org/mesh/D000855
D055948,Sarcopenia,CC0 1.0,MeSH,http://identifiers.org/mesh/D055948
D017246,"Ophthalmoplegia, Chronic Progressive External",CC0 1.0,MeSH,http://identifiers.org/mesh/D017246
D019591,Pseudophakia,CC0 1.0,MeSH,http://identifiers.org/mesh/D019591
D005414,Flatulence,CC0 1.0,MeSH,http://identifiers.org/mesh/D005414
D065635,Benign Paroxysmal Positional Vertigo,CC0 1.0,MeSH,http://identifiers.org/mesh/D065635
D016534,"Cardiac Output, High",CC0 1.0,MeSH,http://identifiers.org/mesh/D016534
D012678,Sensation Disorders,CC0 1.0,MeSH,http://identifiers.org/mesh/D012678
D012818,"Signs and Symptoms, Respiratory",CC0 1.0,MeSH,http://identifiers.org/mesh/D012818
D014840,"Vomiting, Anticipatory",CC0 1.0,MeSH,http://identifiers.org/mesh/D014840
D012021,"Reflex, Abnormal",CC0 1.0,MeSH,http://identifiers.org/mesh/D012021
D014008,Tinea Pedis,CC0 1.0,MeSH,http://identifiers.org/mesh/D014008
D015875,Anisocoria,CC0 1.0,MeSH,http://identifiers.org/mesh/D015875
D006314,"Hearing Loss, Conductive",CC0 1.0,MeSH,http://identifiers.org/mesh/D006314
D018489,Space Motion Sickness,CC0 1.0,MeSH,http://identifiers.org/mesh/D018489
D056865,Ideal Body Weight,CC0 1.0,MeSH,http://identifiers.org/mesh/D056865
D001766,Blindness,CC0 1.0,MeSH,http://identifiers.org/mesh/D001766
D011595,Psychomotor Agitation,CC0 1.0,MeSH,http://identifiers.org/mesh/D011595
D009122,Muscle Hypertonia,CC0 1.0,MeSH,http://identifiers.org/mesh/D009122
D020179,Jet Lag Syndrome,CC0 1.0,MeSH,http://identifiers.org/mesh/D020179
D006948,Hyperkinesis,CC0 1.0,MeSH,http://identifiers.org/mesh/D006948
D001832,Body Temperature Changes,CC0 1.0,MeSH,http://identifiers.org/mesh/D001832
D058568,Necrolytic Migratory Erythema,CC0 1.0,MeSH,http://identifiers.org/mesh/D058568
D004314,Down Syndrome,CC0 1.0,MeSH,http://identifiers.org/mesh/D004314
D057774,Post-Exercise Hypotension,CC0 1.0,MeSH,http://identifiers.org/mesh/D057774
D004412,Dysmenorrhea,CC0 1.0,MeSH,http://identifiers.org/mesh/D004412
D006311,Hearing Disorders,CC0 1.0,MeSH,http://identifiers.org/mesh/D006311
D003635,De Lange Syndrome,CC0 1.0,MeSH,http://identifiers.org/mesh/D003635
D009290,Narcolepsy,CC0 1.0,MeSH,http://identifiers.org/mesh/D009290
D002100,Cachexia,CC0 1.0,MeSH,http://identifiers.org/mesh/D002100
D005222,Mental Fatigue,CC0 1.0,MeSH,http://identifiers.org/mesh/D005222
D019588,"Aging, Premature",CC0 1.0,MeSH,http://identifiers.org/mesh/D019588
D017566,Microvascular Angina,CC0 1.0,MeSH,http://identifiers.org/mesh/D017566
D009127,Muscle Rigidity,CC0 1.0,MeSH,http://identifiers.org/mesh/D009127
D020234,Gait Ataxia,CC0 1.0,MeSH,http://identifiers.org/mesh/D020234
D020754,Spinocerebellar Ataxias,CC0 1.0,MeSH,http://identifiers.org/mesh/D020754
D007625,Kearns-Sayre Syndrome,CC0 1.0,MeSH,http://identifiers.org/mesh/D007625
D007859,Learning Disorders,CC0 1.0,MeSH,http://identifiers.org/mesh/D007859
D059390,Breakthrough Pain,CC0 1.0,MeSH,http://identifiers.org/mesh/D059390
D048968,Morning Sickness,CC0 1.0,MeSH,http://identifiers.org/mesh/D048968
D018980,Williams Syndrome,CC0 1.0,MeSH,http://identifiers.org/mesh/D018980
D014550,"Urinary Incontinence, Stress",CC0 1.0,MeSH,http://identifiers.org/mesh/D014550
D006456,Hemoglobinuria,CC0 1.0,MeSH,http://identifiers.org/mesh/D006456
D002524,Cerebellar Ataxia,CC0 1.0,MeSH,http://identifiers.org/mesh/D002524
D006985,Hyperventilation,CC0 1.0,MeSH,http://identifiers.org/mesh/D006985
D005862,Gerstmann Syndrome,CC0 1.0,MeSH,http://identifiers.org/mesh/D005862
D017288,Pain Threshold,CC0 1.0,MeSH,http://identifiers.org/mesh/D017288
D003085,Colic,CC0 1.0,MeSH,http://identifiers.org/mesh/D003085
D009765,Obesity,CC0 1.0,MeSH,http://identifiers.org/mesh/D009765
D056124,Slit Ventricle Syndrome,CC0 1.0,MeSH,http://identifiers.org/mesh/D056124
D003490,Cyanosis,CC0 1.0,MeSH,http://identifiers.org/mesh/D003490
D038901,"Mental Retardation, X-Linked",CC0 1.0,MeSH,http://identifiers.org/mesh/D038901
D014929,Wolfram Syndrome,CC0 1.0,MeSH,http://identifiers.org/mesh/D014929
D006315,"Hearing Loss, Functional",CC0 1.0,MeSH,http://identifiers.org/mesh/D006315
D012892,Sleep Deprivation,CC0 1.0,MeSH,http://identifiers.org/mesh/D012892
D006312,"Hearing Loss, Bilateral",CC0 1.0,MeSH,http://identifiers.org/mesh/D006312
D001260,Ataxia Telangiectasia,CC0 1.0,MeSH,http://identifiers.org/mesh/D001260
D059265,Visceral Pain,CC0 1.0,MeSH,http://identifiers.org/mesh/D059265
D055665,Purpura Fulminans,CC0 1.0,MeSH,http://identifiers.org/mesh/D055665
D053159,Dysuria,CC0 1.0,MeSH,http://identifiers.org/mesh/D053159
D014012,Tinnitus,CC0 1.0,MeSH,http://identifiers.org/mesh/D014012
D012891,Sleep Apnea Syndromes,CC0 1.0,MeSH,http://identifiers.org/mesh/D012891
D015160,Hydrops Fetalis,CC0 1.0,MeSH,http://identifiers.org/mesh/D015160
D015430,Weight Gain,CC0 1.0,MeSH,http://identifiers.org/mesh/D015430
D006423,Hemianopsia,CC0 1.0,MeSH,http://identifiers.org/mesh/D006423
D020184,Night Terrors,CC0 1.0,MeSH,http://identifiers.org/mesh/D020184
D000472,"Alkalosis, Respiratory",CC0 1.0,MeSH,http://identifiers.org/mesh/D000472
D007035,Hypothermia,CC0 1.0,MeSH,http://identifiers.org/mesh/D007035
D059352,Musculoskeletal Pain,CC0 1.0,MeSH,http://identifiers.org/mesh/D059352
D020250,Postoperative Nausea and Vomiting,CC0 1.0,MeSH,http://identifiers.org/mesh/D020250
D010264,Paraplegia,CC0 1.0,MeSH,http://identifiers.org/mesh/D010264
D005157,Facial Pain,CC0 1.0,MeSH,http://identifiers.org/mesh/D005157
D007024,"Hypotension, Orthostatic",CC0 1.0,MeSH,http://identifiers.org/mesh/D007024
D009912,Oral Manifestations,CC0 1.0,MeSH,http://identifiers.org/mesh/D009912
D011782,Quadriplegia,CC0 1.0,MeSH,http://identifiers.org/mesh/D011782
D016532,Mucopolysaccharidosis II,CC0 1.0,MeSH,http://identifiers.org/mesh/D016532
D065634,Cerebrospinal Fluid Leak,CC0 1.0,MeSH,http://identifiers.org/mesh/D065634
D006337,Heart Murmurs,CC0 1.0,MeSH,http://identifiers.org/mesh/D006337
D006987,Hypesthesia,CC0 1.0,MeSH,http://identifiers.org/mesh/D006987
D003221,Confusion,CC0 1.0,MeSH,http://identifiers.org/mesh/D003221
D003693,Delirium,CC0 1.0,MeSH,http://identifiers.org/mesh/D003693
D020187,REM Sleep Behavior Disorder,CC0 1.0,MeSH,http://identifiers.org/mesh/D020187
D014717,Vertigo,CC0 1.0,MeSH,http://identifiers.org/mesh/D014717
D001308,Auditory Perceptual Disorders,CC0 1.0,MeSH,http://identifiers.org/mesh/D001308
D018589,Gastroparesis,CC0 1.0,MeSH,http://identifiers.org/mesh/D018589
D020795,Photophobia,CC0 1.0,MeSH,http://identifiers.org/mesh/D020795
D005884,Gingival Hemorrhage,CC0 1.0,MeSH,http://identifiers.org/mesh/D005884
D006316,"Hearing Loss, High-Frequency",CC0 1.0,MeSH,http://identifiers.org/mesh/D006316
D002422,Causalgia,CC0 1.0,MeSH,http://identifiers.org/mesh/D002422
D053202,"Urinary Incontinence, Urge",CC0 1.0,MeSH,http://identifiers.org/mesh/D053202
D011681,Pupil Disorders,CC0 1.0,MeSH,http://identifiers.org/mesh/D011681
D055964,Alien Hand Syndrome,CC0 1.0,MeSH,http://identifiers.org/mesh/D055964
D009886,Ophthalmoplegia,CC0 1.0,MeSH,http://identifiers.org/mesh/D009886
D054971,Orthostatic Intolerance,CC0 1.0,MeSH,http://identifiers.org/mesh/D054971
D009767,"Obesity, Morbid",CC0 1.0,MeSH,http://identifiers.org/mesh/D009767
D000789,"Angina, Unstable",CC0 1.0,MeSH,http://identifiers.org/mesh/D000789
D019080,Cafe-au-Lait Spots,CC0 1.0,MeSH,http://identifiers.org/mesh/D019080
D002375,Catalepsy,CC0 1.0,MeSH,http://identifiers.org/mesh/D002375
D004438,Ecchymosis,CC0 1.0,MeSH,http://identifiers.org/mesh/D004438
D001750,"Urinary Bladder, Neurogenic",CC0 1.0,MeSH,http://identifiers.org/mesh/D001750
D011507,Proteinuria,CC0 1.0,MeSH,http://identifiers.org/mesh/D011507
D003968,"Diarrhea, Infantile",CC0 1.0,MeSH,http://identifiers.org/mesh/D003968
D018496,Hyperoxia,CC0 1.0,MeSH,http://identifiers.org/mesh/D018496
D052245,Usher Syndromes,CC0 1.0,MeSH,http://identifiers.org/mesh/D052245
D004884,Eructation,CC0 1.0,MeSH,http://identifiers.org/mesh/D004884
D023341,Chills,CC0 1.0,MeSH,http://identifiers.org/mesh/D023341
D051474,"Neuralgia, Postherpetic",CC0 1.0,MeSH,http://identifiers.org/mesh/D051474
D012166,Retinal Hemorrhage,CC0 1.0,MeSH,http://identifiers.org/mesh/D012166
D002303,"Cardiac Output, Low",CC0 1.0,MeSH,http://identifiers.org/mesh/D002303
D010243,Paralysis,CC0 1.0,MeSH,http://identifiers.org/mesh/D010243
D058447,Eye Pain,CC0 1.0,MeSH,http://identifiers.org/mesh/D058447
D000006,"Abdomen, Acute",CC0 1.0,MeSH,http://identifiers.org/mesh/D000006
D008580,Meningism,CC0 1.0,MeSH,http://identifiers.org/mesh/D008580
D001037,Aphasia,CC0 1.0,MeSH,http://identifiers.org/mesh/D001037
D052120,Glycogen Storage Disease Type IIb,CC0 1.0,MeSH,http://identifiers.org/mesh/D052120
D006472,Oral Hemorrhage,CC0 1.0,MeSH,http://identifiers.org/mesh/D006472
D003967,Diarrhea,CC0 1.0,MeSH,http://identifiers.org/mesh/D003967
D019873,Schnitzler Syndrome,CC0 1.0,MeSH,http://identifiers.org/mesh/D019873
D003410,Cri-du-Chat Syndrome,CC0 1.0,MeSH,http://identifiers.org/mesh/D003410
D059606,Polydipsia,CC0 1.0,MeSH,http://identifiers.org/mesh/D059606
D046089,"Hearing Loss, Mixed Conductive-Sensorineural",CC0 1.0,MeSH,http://identifiers.org/mesh/D046089
D007806,Language Disorders,CC0 1.0,MeSH,http://identifiers.org/mesh/D007806
D009128,Muscle Spasticity,CC0 1.0,MeSH,http://identifiers.org/mesh/D009128
D054078,Mevalonate Kinase Deficiency,CC0 1.0,MeSH,http://identifiers.org/mesh/D054078
D054221,Classical Lissencephalies and Subcortical Band Heterotopias,CC0 1.0,MeSH,http://identifiers.org/mesh/D054221
D060705,Dyscalculia,CC0 1.0,MeSH,http://identifiers.org/mesh/D060705
D060545,Pudendal Neuralgia,CC0 1.0,MeSH,http://identifiers.org/mesh/D060545
D020188,Sleep Paralysis,CC0 1.0,MeSH,http://identifiers.org/mesh/D020188
D000381,Agraphia,CC0 1.0,MeSH,http://identifiers.org/mesh/D000381
D057896,Striae Distensae,CC0 1.0,MeSH,http://identifiers.org/mesh/D057896
D020923,REM Sleep Parasomnias,CC0 1.0,MeSH,http://identifiers.org/mesh/D020923
D054160,Systolic Murmurs,CC0 1.0,MeSH,http://identifiers.org/mesh/D054160
D011696,"Purpura, Thrombocytopenic",CC0 1.0,MeSH,http://identifiers.org/mesh/D011696
D009120,Muscle Cramp,CC0 1.0,MeSH,http://identifiers.org/mesh/D009120
D057768,Infantile Apparent Life-Threatening Event,CC0 1.0,MeSH,http://identifiers.org/mesh/D057768
D054546,Neuroacanthocytosis,CC0 1.0,MeSH,http://identifiers.org/mesh/D054546
D011304,Presbycusis,CC0 1.0,MeSH,http://identifiers.org/mesh/D011304
D065906,Hyperlactatemia,CC0 1.0,MeSH,http://identifiers.org/mesh/D065906
D021501,Flank Pain,CC0 1.0,MeSH,http://identifiers.org/mesh/D021501
D004417,Dyspnea,CC0 1.0,MeSH,http://identifiers.org/mesh/D004417
D006356,Heartburn,CC0 1.0,MeSH,http://identifiers.org/mesh/D006356
D004401,Dysarthria,CC0 1.0,MeSH,http://identifiers.org/mesh/D004401
D014098,Toothache,CC0 1.0,MeSH,http://identifiers.org/mesh/D014098
D003638,Deafness,CC0 1.0,MeSH,http://identifiers.org/mesh/D003638
D007319,Sleep Initiation and Maintenance Disorders,CC0 1.0,MeSH,http://identifiers.org/mesh/D007319
D020924,Urological Manifestations,CC0 1.0,MeSH,http://identifiers.org/mesh/D020924
D005262,Feminization,CC0 1.0,MeSH,http://identifiers.org/mesh/D005262
D002032,Bulimia,CC0 1.0,MeSH,http://identifiers.org/mesh/D002032
D055154,Dysphonia,CC0 1.0,MeSH,http://identifiers.org/mesh/D055154
D011693,Purpura,CC0 1.0,MeSH,http://identifiers.org/mesh/D011693
D007040,Hypoventilation,CC0 1.0,MeSH,http://identifiers.org/mesh/D007040
D020757,Amaurosis Fugax,CC0 1.0,MeSH,http://identifiers.org/mesh/D020757
D005132,Eye Manifestations,CC0 1.0,MeSH,http://identifiers.org/mesh/D005132
D004409,"Dyskinesia, Drug-Induced",CC0 1.0,MeSH,http://identifiers.org/mesh/D004409
D020921,Sleep Arousal Disorders,CC0 1.0,MeSH,http://identifiers.org/mesh/D020921
D015325,Pyruvate Dehydrogenase Complex Deficiency Disease,CC0 1.0,MeSH,http://identifiers.org/mesh/D015325
D001184,Articulation Disorders,CC0 1.0,MeSH,http://identifiers.org/mesh/D001184
D014839,Vomiting,CC0 1.0,MeSH,http://identifiers.org/mesh/D014839
D014786,Vision Disorders,CC0 1.0,MeSH,http://identifiers.org/mesh/D014786
D007383,Intermittent Claudication,CC0 1.0,MeSH,http://identifiers.org/mesh/D007383
D053578,Opsoclonus-Myoclonus Syndrome,CC0 1.0,MeSH,http://identifiers.org/mesh/D053578
D003147,Communication Disorders,CC0 1.0,MeSH,http://identifiers.org/mesh/D003147
D020820,Dyskinesias,CC0 1.0,MeSH,http://identifiers.org/mesh/D020820
D000377,Agnosia,CC0 1.0,MeSH,http://identifiers.org/mesh/D000377
D059246,Tachypnea,CC0 1.0,MeSH,http://identifiers.org/mesh/D059246
