source_id,target_id,license,source,unbiased
DB01175,DOID:3312,CC0 1.0,PharmacotherapyDB,False
DB00321,DOID:7148,CC0 1.0,PharmacotherapyDB,False
DB00176,DOID:594,CC0 1.0,PharmacotherapyDB,False
DB01037,DOID:10652,CC0 1.0,PharmacotherapyDB,False
DB00945,DOID:9074,CC0 1.0,PharmacotherapyDB,False
DB01100,DOID:11119,CC0 1.0,PharmacotherapyDB,False
DB00328,DOID:7147,CC0 1.0,PharmacotherapyDB,False
DB00218,DOID:3083,CC0 1.0,PharmacotherapyDB,False
DB00989,DOID:14330,CC0 1.0,PharmacotherapyDB,False
DB00203,DOID:418,CC0 1.0,PharmacotherapyDB,False
DB00500,DOID:8398,CC0 1.0,PharmacotherapyDB,False
DB01224,DOID:12849,CC0 1.0,PharmacotherapyDB,False
DB01104,DOID:5419,CC0 1.0,PharmacotherapyDB,False
DB00996,DOID:9074,CC0 1.0,PharmacotherapyDB,False
DB01175,DOID:1595,CC0 1.0,PharmacotherapyDB,False
DB00104,DOID:4989,CC0 1.0,PharmacotherapyDB,False
DB00741,DOID:263,CC0 1.0,PharmacotherapyDB,False
DB01267,DOID:5419,CC0 1.0,PharmacotherapyDB,False
DB01068,DOID:14330,CC0 1.0,PharmacotherapyDB,False
DB01200,DOID:14330,CC0 1.0,PharmacotherapyDB,False
DB00692,DOID:10763,CC0 1.0,PharmacotherapyDB,False
DB00402,DOID:2377,CC0 1.0,PharmacotherapyDB,False
DB00810,DOID:14330,CC0 1.0,PharmacotherapyDB,False
DB01063,DOID:5419,CC0 1.0,PharmacotherapyDB,False
DB01255,DOID:1094,CC0 1.0,PharmacotherapyDB,False
DB00215,DOID:1595,CC0 1.0,PharmacotherapyDB,False
DB00230,DOID:9074,CC0 1.0,PharmacotherapyDB,False
DB00500,DOID:7148,CC0 1.0,PharmacotherapyDB,False
DB00980,DOID:14330,CC0 1.0,PharmacotherapyDB,False
DB00281,DOID:3393,CC0 1.0,PharmacotherapyDB,False
DB00404,DOID:594,CC0 1.0,PharmacotherapyDB,False
DB00402,DOID:5419,CC0 1.0,PharmacotherapyDB,False
DB01001,DOID:4481,CC0 1.0,PharmacotherapyDB,False
DB00985,DOID:5419,CC0 1.0,PharmacotherapyDB,False
DB01224,DOID:3312,CC0 1.0,PharmacotherapyDB,False
DB00829,DOID:594,CC0 1.0,PharmacotherapyDB,False
DB00540,DOID:1094,CC0 1.0,PharmacotherapyDB,False
DB01149,DOID:1595,CC0 1.0,PharmacotherapyDB,False
DB00554,DOID:8398,CC0 1.0,PharmacotherapyDB,False
DB00860,DOID:0050156,CC0 1.0,PharmacotherapyDB,False
DB00169,DOID:784,CC0 1.0,PharmacotherapyDB,False
DB01037,DOID:1595,CC0 1.0,PharmacotherapyDB,False
DB01156,DOID:1094,CC0 1.0,PharmacotherapyDB,False
DB00334,DOID:11119,CC0 1.0,PharmacotherapyDB,False
DB00443,DOID:1319,CC0 1.0,PharmacotherapyDB,False
DB00482,DOID:8398,CC0 1.0,PharmacotherapyDB,False
DB00537,DOID:3083,CC0 1.0,PharmacotherapyDB,False
DB00742,DOID:1686,CC0 1.0,PharmacotherapyDB,False
DB01166,DOID:418,CC0 1.0,PharmacotherapyDB,False
DB00813,DOID:10283,CC0 1.0,PharmacotherapyDB,False
DB00477,DOID:12995,CC0 1.0,PharmacotherapyDB,False
DB00715,DOID:594,CC0 1.0,PharmacotherapyDB,False
DB00214,DOID:784,CC0 1.0,PharmacotherapyDB,False
DB00458,DOID:1094,CC0 1.0,PharmacotherapyDB,False
DB00924,DOID:8398,CC0 1.0,PharmacotherapyDB,False
DB00915,DOID:14330,CC0 1.0,PharmacotherapyDB,False
DB01356,DOID:5419,CC0 1.0,PharmacotherapyDB,False
DB00246,DOID:3312,CC0 1.0,PharmacotherapyDB,False
DB01115,DOID:418,CC0 1.0,PharmacotherapyDB,False
DB01009,DOID:8398,CC0 1.0,PharmacotherapyDB,False
DB00554,DOID:7148,CC0 1.0,PharmacotherapyDB,False
DB00673,DOID:219,CC0 1.0,PharmacotherapyDB,False
DB00245,DOID:10652,CC0 1.0,PharmacotherapyDB,False
DB00572,DOID:8778,CC0 1.0,PharmacotherapyDB,False
DB00443,DOID:1612,CC0 1.0,PharmacotherapyDB,False
DB00977,DOID:1612,CC0 1.0,PharmacotherapyDB,False
DB00514,DOID:2377,CC0 1.0,PharmacotherapyDB,False
DB00736,DOID:5041,CC0 1.0,PharmacotherapyDB,False
DB00289,DOID:12849,CC0 1.0,PharmacotherapyDB,False
DB00273,DOID:3312,CC0 1.0,PharmacotherapyDB,False
DB00727,DOID:3393,CC0 1.0,PharmacotherapyDB,False
DB00776,DOID:3312,CC0 1.0,PharmacotherapyDB,False
DB00945,DOID:7148,CC0 1.0,PharmacotherapyDB,False
DB01156,DOID:594,CC0 1.0,PharmacotherapyDB,False
DB00472,DOID:594,CC0 1.0,PharmacotherapyDB,False
DB00334,DOID:594,CC0 1.0,PharmacotherapyDB,False
DB00788,DOID:6364,CC0 1.0,PharmacotherapyDB,False
DB00482,DOID:9074,CC0 1.0,PharmacotherapyDB,False
DB00241,DOID:6364,CC0 1.0,PharmacotherapyDB,False
DB00903,DOID:784,CC0 1.0,PharmacotherapyDB,False
DB01165,DOID:3083,CC0 1.0,PharmacotherapyDB,False
DB00736,DOID:10283,CC0 1.0,PharmacotherapyDB,False
DB00315,DOID:6364,CC0 1.0,PharmacotherapyDB,False
DB00281,DOID:8398,CC0 1.0,PharmacotherapyDB,False
DB00316,DOID:6364,CC0 1.0,PharmacotherapyDB,False
DB00734,DOID:12995,CC0 1.0,PharmacotherapyDB,False
DB00555,DOID:3312,CC0 1.0,PharmacotherapyDB,False
DB00363,DOID:5419,CC0 1.0,PharmacotherapyDB,False
DB00977,DOID:11612,CC0 1.0,PharmacotherapyDB,False
DB00433,DOID:1612,CC0 1.0,PharmacotherapyDB,False
DB01043,DOID:14330,CC0 1.0,PharmacotherapyDB,False
DB00477,DOID:3312,CC0 1.0,PharmacotherapyDB,False
DB00635,DOID:8398,CC0 1.0,PharmacotherapyDB,False
DB01219,DOID:2377,CC0 1.0,PharmacotherapyDB,False
DB00461,DOID:7148,CC0 1.0,PharmacotherapyDB,False
DB01397,DOID:8893,CC0 1.0,PharmacotherapyDB,False
DB00353,DOID:6364,CC0 1.0,PharmacotherapyDB,False
DB00443,DOID:219,CC0 1.0,PharmacotherapyDB,False
DB00736,DOID:263,CC0 1.0,PharmacotherapyDB,False
DB00289,DOID:1094,CC0 1.0,PharmacotherapyDB,False
DB00656,DOID:5419,CC0 1.0,PharmacotherapyDB,False
DB00313,DOID:1595,CC0 1.0,PharmacotherapyDB,False
DB01012,DOID:784,CC0 1.0,PharmacotherapyDB,False
DB00673,DOID:1612,CC0 1.0,PharmacotherapyDB,False
DB01137,DOID:3083,CC0 1.0,PharmacotherapyDB,False
DB00712,DOID:8398,CC0 1.0,PharmacotherapyDB,False
DB00814,DOID:418,CC0 1.0,PharmacotherapyDB,False
DB00476,DOID:3312,CC0 1.0,PharmacotherapyDB,False
DB00367,DOID:11612,CC0 1.0,PharmacotherapyDB,False
DB00586,DOID:7148,CC0 1.0,PharmacotherapyDB,False
DB00422,DOID:1094,CC0 1.0,PharmacotherapyDB,False
DB00245,DOID:14330,CC0 1.0,PharmacotherapyDB,False
DB01085,DOID:11934,CC0 1.0,PharmacotherapyDB,False
DB00776,DOID:2377,CC0 1.0,PharmacotherapyDB,False
DB00193,DOID:0050425,CC0 1.0,PharmacotherapyDB,False
DB00351,DOID:1612,CC0 1.0,PharmacotherapyDB,False
DB00482,DOID:219,CC0 1.0,PharmacotherapyDB,False
DB01018,DOID:1094,CC0 1.0,PharmacotherapyDB,False
DB06684,DOID:1595,CC0 1.0,PharmacotherapyDB,False
DB00715,DOID:3312,CC0 1.0,PharmacotherapyDB,False
DB00707,DOID:5041,CC0 1.0,PharmacotherapyDB,False
DB00408,DOID:5419,CC0 1.0,PharmacotherapyDB,False
DB00268,DOID:0050425,CC0 1.0,PharmacotherapyDB,False
DB00190,DOID:0050425,CC0 1.0,PharmacotherapyDB,False
DB01020,DOID:3393,CC0 1.0,PharmacotherapyDB,False
DB00829,DOID:2377,CC0 1.0,PharmacotherapyDB,False
DB01186,DOID:14330,CC0 1.0,PharmacotherapyDB,False
DB00813,DOID:1324,CC0 1.0,PharmacotherapyDB,False
DB00575,DOID:1094,CC0 1.0,PharmacotherapyDB,False
DB00268,DOID:10652,CC0 1.0,PharmacotherapyDB,False
DB00952,DOID:6364,CC0 1.0,PharmacotherapyDB,False
DB00313,DOID:5419,CC0 1.0,PharmacotherapyDB,False
DB01198,DOID:5419,CC0 1.0,PharmacotherapyDB,False
DB00254,DOID:3083,CC0 1.0,PharmacotherapyDB,False
DB00635,DOID:6364,CC0 1.0,PharmacotherapyDB,False
DB01401,DOID:8893,CC0 1.0,PharmacotherapyDB,False
DB01233,DOID:10283,CC0 1.0,PharmacotherapyDB,False
DB00458,DOID:594,CC0 1.0,PharmacotherapyDB,False
DB00540,DOID:1595,CC0 1.0,PharmacotherapyDB,False
DB00286,DOID:1612,CC0 1.0,PharmacotherapyDB,False
DB00734,DOID:5419,CC0 1.0,PharmacotherapyDB,False
DB00475,DOID:0050741,CC0 1.0,PharmacotherapyDB,False
DB00996,DOID:3312,CC0 1.0,PharmacotherapyDB,False
DB01399,DOID:7148,CC0 1.0,PharmacotherapyDB,False
DB00904,DOID:0050741,CC0 1.0,PharmacotherapyDB,False
DB00797,DOID:418,CC0 1.0,PharmacotherapyDB,False
DB00363,DOID:3312,CC0 1.0,PharmacotherapyDB,False
DB00316,DOID:8398,CC0 1.0,PharmacotherapyDB,False
DB00321,DOID:1595,CC0 1.0,PharmacotherapyDB,False
DB00458,DOID:1595,CC0 1.0,PharmacotherapyDB,False
DB00295,DOID:3393,CC0 1.0,PharmacotherapyDB,False
DB00586,DOID:418,CC0 1.0,PharmacotherapyDB,False
DB01142,DOID:3310,CC0 1.0,PharmacotherapyDB,False
DB01296,DOID:8398,CC0 1.0,PharmacotherapyDB,False
DB00575,DOID:11119,CC0 1.0,PharmacotherapyDB,False
DB00461,DOID:8398,CC0 1.0,PharmacotherapyDB,False
DB00472,DOID:5419,CC0 1.0,PharmacotherapyDB,False
DB00281,DOID:7148,CC0 1.0,PharmacotherapyDB,False
DB00338,DOID:5041,CC0 1.0,PharmacotherapyDB,False
DB01398,DOID:8893,CC0 1.0,PharmacotherapyDB,False
DB01576,DOID:8986,CC0 1.0,PharmacotherapyDB,False
DB00814,DOID:9074,CC0 1.0,PharmacotherapyDB,False
DB00991,DOID:7148,CC0 1.0,PharmacotherapyDB,False
DB00201,DOID:6364,CC0 1.0,PharmacotherapyDB,False
DB00190,DOID:14330,CC0 1.0,PharmacotherapyDB,False
DB01075,DOID:14330,CC0 1.0,PharmacotherapyDB,False
DB00910,DOID:784,CC0 1.0,PharmacotherapyDB,False
DB00321,DOID:9074,CC0 1.0,PharmacotherapyDB,False
DB01364,DOID:4481,CC0 1.0,PharmacotherapyDB,False
DB00679,DOID:5419,CC0 1.0,PharmacotherapyDB,False
DB01068,DOID:5419,CC0 1.0,PharmacotherapyDB,False
DB00624,DOID:1612,CC0 1.0,PharmacotherapyDB,False
DB00182,DOID:8986,CC0 1.0,PharmacotherapyDB,False
DB01427,DOID:12930,CC0 1.0,PharmacotherapyDB,False
DB00281,DOID:418,CC0 1.0,PharmacotherapyDB,False
DB00575,DOID:0050425,CC0 1.0,PharmacotherapyDB,False
DB00427,DOID:3310,CC0 1.0,PharmacotherapyDB,False
DB01240,DOID:418,CC0 1.0,PharmacotherapyDB,False
DB00734,DOID:3312,CC0 1.0,PharmacotherapyDB,False
DB00656,DOID:1595,CC0 1.0,PharmacotherapyDB,False
DB00945,DOID:13189,CC0 1.0,PharmacotherapyDB,False
DB01367,DOID:14330,CC0 1.0,PharmacotherapyDB,False
DB00861,DOID:8398,CC0 1.0,PharmacotherapyDB,False
DB01440,DOID:8986,CC0 1.0,PharmacotherapyDB,False
DB00540,DOID:594,CC0 1.0,PharmacotherapyDB,False
DB00320,DOID:6364,CC0 1.0,PharmacotherapyDB,False
DB00936,DOID:8893,CC0 1.0,PharmacotherapyDB,False
DB00404,DOID:418,CC0 1.0,PharmacotherapyDB,False
DB00934,DOID:594,CC0 1.0,PharmacotherapyDB,False
DB00184,DOID:0050742,CC0 1.0,PharmacotherapyDB,False
DB00104,DOID:9744,CC0 1.0,PharmacotherapyDB,False
DB06710,DOID:1612,CC0 1.0,PharmacotherapyDB,False
DB01238,DOID:3312,CC0 1.0,PharmacotherapyDB,False
DB00996,DOID:2377,CC0 1.0,PharmacotherapyDB,False
DB00514,DOID:332,CC0 1.0,PharmacotherapyDB,False
DB00741,DOID:10283,CC0 1.0,PharmacotherapyDB,False
DB00788,DOID:8398,CC0 1.0,PharmacotherapyDB,False
DB01395,DOID:11612,CC0 1.0,PharmacotherapyDB,False
DB00248,DOID:14330,CC0 1.0,PharmacotherapyDB,False
DB00387,DOID:14330,CC0 1.0,PharmacotherapyDB,False
DB00924,DOID:6364,CC0 1.0,PharmacotherapyDB,False
DB00482,DOID:2531,CC0 1.0,PharmacotherapyDB,False
DB00959,DOID:1319,CC0 1.0,PharmacotherapyDB,False
DB01037,DOID:14330,CC0 1.0,PharmacotherapyDB,False
DB00814,DOID:7147,CC0 1.0,PharmacotherapyDB,False
DB00745,DOID:8986,CC0 1.0,PharmacotherapyDB,False
DB00861,DOID:7148,CC0 1.0,PharmacotherapyDB,False
DB01435,DOID:6364,CC0 1.0,PharmacotherapyDB,False
DB00338,DOID:418,CC0 1.0,PharmacotherapyDB,False
DB00334,DOID:3312,CC0 1.0,PharmacotherapyDB,False
DB01173,DOID:6364,CC0 1.0,PharmacotherapyDB,False
DB01242,DOID:594,CC0 1.0,PharmacotherapyDB,False
DB00668,DOID:2841,CC0 1.0,PharmacotherapyDB,False
DB00600,DOID:12306,CC0 1.0,PharmacotherapyDB,False
DB00697,DOID:2377,CC0 1.0,PharmacotherapyDB,False
DB00215,DOID:3312,CC0 1.0,PharmacotherapyDB,False
DB00717,DOID:11612,CC0 1.0,PharmacotherapyDB,False
DB01119,DOID:10763,CC0 1.0,PharmacotherapyDB,False
DB00657,DOID:11119,CC0 1.0,PharmacotherapyDB,False
DB01224,DOID:10652,CC0 1.0,PharmacotherapyDB,False
DB00482,DOID:7148,CC0 1.0,PharmacotherapyDB,False
DB00564,DOID:2377,CC0 1.0,PharmacotherapyDB,False
DB00500,DOID:7147,CC0 1.0,PharmacotherapyDB,False
DB00623,DOID:5419,CC0 1.0,PharmacotherapyDB,False
DB00820,DOID:418,CC0 1.0,PharmacotherapyDB,False
DB00668,DOID:4481,CC0 1.0,PharmacotherapyDB,False
DB00258,DOID:784,CC0 1.0,PharmacotherapyDB,False
DB00413,DOID:0050425,CC0 1.0,PharmacotherapyDB,False
DB00424,DOID:14330,CC0 1.0,PharmacotherapyDB,False
DB00424,DOID:8778,CC0 1.0,PharmacotherapyDB,False
DB00203,DOID:9744,CC0 1.0,PharmacotherapyDB,False
DB00343,DOID:3393,CC0 1.0,PharmacotherapyDB,False
DB00186,DOID:594,CC0 1.0,PharmacotherapyDB,False
DB00285,DOID:1094,CC0 1.0,PharmacotherapyDB,False
DB00540,DOID:2377,CC0 1.0,PharmacotherapyDB,False
DB01233,DOID:6364,CC0 1.0,PharmacotherapyDB,False
DB00706,DOID:10283,CC0 1.0,PharmacotherapyDB,False
DB00304,DOID:11612,CC0 1.0,PharmacotherapyDB,False
DB00230,DOID:2377,CC0 1.0,PharmacotherapyDB,False
DB01068,DOID:12849,CC0 1.0,PharmacotherapyDB,False
DB00814,DOID:8398,CC0 1.0,PharmacotherapyDB,False
DB00502,DOID:10652,CC0 1.0,PharmacotherapyDB,False
DB00321,DOID:2377,CC0 1.0,PharmacotherapyDB,False
DB00668,DOID:1686,CC0 1.0,PharmacotherapyDB,False
DB00502,DOID:11119,CC0 1.0,PharmacotherapyDB,False
DB08866,DOID:1612,CC0 1.0,PharmacotherapyDB,False
DB01104,DOID:12849,CC0 1.0,PharmacotherapyDB,False
DB00245,DOID:12849,CC0 1.0,PharmacotherapyDB,False
DB00490,DOID:594,CC0 1.0,PharmacotherapyDB,False
DB00176,DOID:1595,CC0 1.0,PharmacotherapyDB,False
DB01075,DOID:5419,CC0 1.0,PharmacotherapyDB,False
DB00975,DOID:3393,CC0 1.0,PharmacotherapyDB,False
DB00443,DOID:10283,CC0 1.0,PharmacotherapyDB,False
DB00852,DOID:4481,CC0 1.0,PharmacotherapyDB,False
DB01234,DOID:1612,CC0 1.0,PharmacotherapyDB,False
DB00413,DOID:14330,CC0 1.0,PharmacotherapyDB,False
DB00245,DOID:5419,CC0 1.0,PharmacotherapyDB,False
DB00620,DOID:1319,CC0 1.0,PharmacotherapyDB,False
DB00749,DOID:8398,CC0 1.0,PharmacotherapyDB,False
DB00230,DOID:0050425,CC0 1.0,PharmacotherapyDB,False
DB01233,DOID:418,CC0 1.0,PharmacotherapyDB,False
DB01234,DOID:219,CC0 1.0,PharmacotherapyDB,False
DB00906,DOID:3312,CC0 1.0,PharmacotherapyDB,False
DB00945,DOID:6364,CC0 1.0,PharmacotherapyDB,False
DB00746,DOID:784,CC0 1.0,PharmacotherapyDB,False
DB00745,DOID:1094,CC0 1.0,PharmacotherapyDB,False
DB00476,DOID:1595,CC0 1.0,PharmacotherapyDB,False
DB00788,DOID:9074,CC0 1.0,PharmacotherapyDB,False
DB01420,DOID:1612,CC0 1.0,PharmacotherapyDB,False
DB00883,DOID:3393,CC0 1.0,PharmacotherapyDB,False
DB01401,DOID:7148,CC0 1.0,PharmacotherapyDB,False
DB00915,DOID:2377,CC0 1.0,PharmacotherapyDB,False
DB00945,DOID:8398,CC0 1.0,PharmacotherapyDB,False
DB00621,DOID:11476,CC0 1.0,PharmacotherapyDB,False
DB00696,DOID:6364,CC0 1.0,PharmacotherapyDB,False
DB00136,DOID:784,CC0 1.0,PharmacotherapyDB,False
DB00714,DOID:14330,CC0 1.0,PharmacotherapyDB,False
DB05271,DOID:14330,CC0 1.0,PharmacotherapyDB,False
DB00338,DOID:263,CC0 1.0,PharmacotherapyDB,False
DB00482,DOID:263,CC0 1.0,PharmacotherapyDB,False
DB01068,DOID:2377,CC0 1.0,PharmacotherapyDB,False
DB00935,DOID:4481,CC0 1.0,PharmacotherapyDB,False
DB00376,DOID:14330,CC0 1.0,PharmacotherapyDB,False
DB00734,DOID:11119,CC0 1.0,PharmacotherapyDB,False
DB00334,DOID:5419,CC0 1.0,PharmacotherapyDB,False
DB00918,DOID:6364,CC0 1.0,PharmacotherapyDB,False
DB01235,DOID:14330,CC0 1.0,PharmacotherapyDB,False
DB00695,DOID:784,CC0 1.0,PharmacotherapyDB,False
DB00734,DOID:12849,CC0 1.0,PharmacotherapyDB,False
DB00564,DOID:0050425,CC0 1.0,PharmacotherapyDB,False
DB01394,DOID:418,CC0 1.0,PharmacotherapyDB,False
DB00850,DOID:11119,CC0 1.0,PharmacotherapyDB,False
DB01235,DOID:0050425,CC0 1.0,PharmacotherapyDB,False
DB00603,DOID:1612,CC0 1.0,PharmacotherapyDB,False
DB00814,DOID:7148,CC0 1.0,PharmacotherapyDB,False
DB01151,DOID:1094,CC0 1.0,PharmacotherapyDB,False
DB01068,DOID:0050425,CC0 1.0,PharmacotherapyDB,False
DB00586,DOID:7147,CC0 1.0,PharmacotherapyDB,False
DB01577,DOID:8986,CC0 1.0,PharmacotherapyDB,False
DB00788,DOID:7148,CC0 1.0,PharmacotherapyDB,False
DB00425,DOID:2377,CC0 1.0,PharmacotherapyDB,False
DB00390,DOID:3393,CC0 1.0,PharmacotherapyDB,False
DB06637,DOID:2377,CC0 1.0,PharmacotherapyDB,False
DB00494,DOID:14330,CC0 1.0,PharmacotherapyDB,False
DB01234,DOID:1319,CC0 1.0,PharmacotherapyDB,False
DB00182,DOID:1094,CC0 1.0,PharmacotherapyDB,False
DB01577,DOID:1094,CC0 1.0,PharmacotherapyDB,False
DB00502,DOID:12995,CC0 1.0,PharmacotherapyDB,False
DB01364,DOID:2841,CC0 1.0,PharmacotherapyDB,False
DB00381,DOID:3393,CC0 1.0,PharmacotherapyDB,False
DB00996,DOID:7148,CC0 1.0,PharmacotherapyDB,False
DB01589,DOID:2377,CC0 1.0,PharmacotherapyDB,False
DB00573,DOID:8398,CC0 1.0,PharmacotherapyDB,False
DB01238,DOID:12849,CC0 1.0,PharmacotherapyDB,False
DB00477,DOID:5419,CC0 1.0,PharmacotherapyDB,False
DB00328,DOID:8398,CC0 1.0,PharmacotherapyDB,False
DB01247,DOID:594,CC0 1.0,PharmacotherapyDB,False
DB00697,DOID:6364,CC0 1.0,PharmacotherapyDB,False
DB00181,DOID:2377,CC0 1.0,PharmacotherapyDB,False
DB00852,DOID:2841,CC0 1.0,PharmacotherapyDB,False
DB00605,DOID:8398,CC0 1.0,PharmacotherapyDB,False
DB01186,DOID:11119,CC0 1.0,PharmacotherapyDB,False
DB01068,DOID:594,CC0 1.0,PharmacotherapyDB,False
DB00318,DOID:8398,CC0 1.0,PharmacotherapyDB,False
DB01234,DOID:263,CC0 1.0,PharmacotherapyDB,False
DB00555,DOID:5419,CC0 1.0,PharmacotherapyDB,False
DB00831,DOID:5419,CC0 1.0,PharmacotherapyDB,False
DB00959,DOID:2531,CC0 1.0,PharmacotherapyDB,False
DB00564,DOID:3312,CC0 1.0,PharmacotherapyDB,False
DB00215,DOID:594,CC0 1.0,PharmacotherapyDB,False
DB00338,DOID:10283,CC0 1.0,PharmacotherapyDB,False
DB00715,DOID:1595,CC0 1.0,PharmacotherapyDB,False
DB00996,DOID:14330,CC0 1.0,PharmacotherapyDB,False
DB00246,DOID:5419,CC0 1.0,PharmacotherapyDB,False
DB00788,DOID:7147,CC0 1.0,PharmacotherapyDB,False
DB01036,DOID:2377,CC0 1.0,PharmacotherapyDB,False
DB00216,DOID:6364,CC0 1.0,PharmacotherapyDB,False
DB00953,DOID:6364,CC0 1.0,PharmacotherapyDB,False
DB00328,DOID:6364,CC0 1.0,PharmacotherapyDB,False
DB01234,DOID:10283,CC0 1.0,PharmacotherapyDB,False
DB00655,DOID:1612,CC0 1.0,PharmacotherapyDB,False
DB01104,DOID:594,CC0 1.0,PharmacotherapyDB,False
DB01623,DOID:5419,CC0 1.0,PharmacotherapyDB,False
DB00285,DOID:594,CC0 1.0,PharmacotherapyDB,False
DB00736,DOID:418,CC0 1.0,PharmacotherapyDB,False
DB00482,DOID:10283,CC0 1.0,PharmacotherapyDB,False
DB00323,DOID:14330,CC0 1.0,PharmacotherapyDB,False
DB00443,DOID:263,CC0 1.0,PharmacotherapyDB,False
DB00268,DOID:14330,CC0 1.0,PharmacotherapyDB,False
DB01198,DOID:2377,CC0 1.0,PharmacotherapyDB,False
DB01238,DOID:1595,CC0 1.0,PharmacotherapyDB,False
DB00586,DOID:6364,CC0 1.0,PharmacotherapyDB,False
DB00434,DOID:5419,CC0 1.0,PharmacotherapyDB,False
DB00687,DOID:14330,CC0 1.0,PharmacotherapyDB,False
DB01115,DOID:3393,CC0 1.0,PharmacotherapyDB,False
DB06151,DOID:3083,CC0 1.0,PharmacotherapyDB,False
DB00390,DOID:12930,CC0 1.0,PharmacotherapyDB,False
DB00959,DOID:8398,CC0 1.0,PharmacotherapyDB,False
DB00434,DOID:6364,CC0 1.0,PharmacotherapyDB,False
DB00575,DOID:12849,CC0 1.0,PharmacotherapyDB,False
DB00656,DOID:3312,CC0 1.0,PharmacotherapyDB,False
DB01050,DOID:8398,CC0 1.0,PharmacotherapyDB,False
DB00328,DOID:7148,CC0 1.0,PharmacotherapyDB,False
DB00482,DOID:418,CC0 1.0,PharmacotherapyDB,False
DB00996,DOID:0050425,CC0 1.0,PharmacotherapyDB,False
DB00203,DOID:2377,CC0 1.0,PharmacotherapyDB,False
DB00669,DOID:6364,CC0 1.0,PharmacotherapyDB,False
DB01104,DOID:1595,CC0 1.0,PharmacotherapyDB,False
DB00745,DOID:14330,CC0 1.0,PharmacotherapyDB,False
DB00991,DOID:8398,CC0 1.0,PharmacotherapyDB,False
DB01238,DOID:5419,CC0 1.0,PharmacotherapyDB,False
DB00572,DOID:14330,CC0 1.0,PharmacotherapyDB,False
DB00482,DOID:7147,CC0 1.0,PharmacotherapyDB,False
DB00104,DOID:1793,CC0 1.0,PharmacotherapyDB,False
DB00502,DOID:5419,CC0 1.0,PharmacotherapyDB,False
DB00745,DOID:2377,CC0 1.0,PharmacotherapyDB,False
DB00933,DOID:5419,CC0 1.0,PharmacotherapyDB,False
DB00122,DOID:8398,CC0 1.0,PharmacotherapyDB,False
DB00246,DOID:11119,CC0 1.0,PharmacotherapyDB,False
DB01591,DOID:2377,CC0 1.0,PharmacotherapyDB,False
DB00998,DOID:6364,CC0 1.0,PharmacotherapyDB,False
DB00554,DOID:7147,CC0 1.0,PharmacotherapyDB,False
DB01224,DOID:5419,CC0 1.0,PharmacotherapyDB,False
DB00586,DOID:8398,CC0 1.0,PharmacotherapyDB,False
DB00783,DOID:1612,CC0 1.0,PharmacotherapyDB,False
DB00313,DOID:3312,CC0 1.0,PharmacotherapyDB,False
DB00564,DOID:5419,CC0 1.0,PharmacotherapyDB,False
DB00887,DOID:784,CC0 1.0,PharmacotherapyDB,False
DB01576,DOID:1094,CC0 1.0,PharmacotherapyDB,False
DB01068,DOID:3312,CC0 1.0,PharmacotherapyDB,False
