source_id,target_id,license,source,unbiased
DOID:363,DB00997,CC0 1.0,PharmacotherapyDB,False
DOID:10763,DB00206,CC0 1.0,PharmacotherapyDB,False
DOID:10763,DB00960,CC0 1.0,PharmacotherapyDB,False
DOID:10283,DB00665,CC0 1.0,PharmacotherapyDB,False
DOID:2998,DB00290,CC0 1.0,PharmacotherapyDB,False
DOID:635,DB01232,CC0 1.0,PharmacotherapyDB,False
DOID:1826,DB00555,CC0 1.0,PharmacotherapyDB,False
DOID:2531,DB00444,CC0 1.0,PharmacotherapyDB,False
DOID:4481,DB00860,CC0 1.0,PharmacotherapyDB,False
DOID:2531,DB00635,CC0 1.0,PharmacotherapyDB,False
DOID:4481,DB00985,CC0 1.0,PharmacotherapyDB,False
DOID:10763,DB00808,CC0 1.0,PharmacotherapyDB,False
DOID:10763,DB01244,CC0 1.0,PharmacotherapyDB,False
DOID:2531,DB00888,CC0 1.0,PharmacotherapyDB,False
DOID:3310,DB00591,CC0 1.0,PharmacotherapyDB,False
DOID:1324,DB00530,CC0 1.0,PharmacotherapyDB,False
DOID:9970,DB00191,CC0 1.0,PharmacotherapyDB,False
DOID:8577,DB00620,CC0 1.0,PharmacotherapyDB,False
DOID:3070,DB00853,CC0 1.0,PharmacotherapyDB,False
DOID:1686,DB00654,CC0 1.0,PharmacotherapyDB,False
DOID:10283,DB00783,CC0 1.0,PharmacotherapyDB,False
DOID:4159,DB08881,CC0 1.0,PharmacotherapyDB,False
DOID:9074,DB00563,CC0 1.0,PharmacotherapyDB,False
DOID:4481,DB00741,CC0 1.0,PharmacotherapyDB,False
DOID:1192,DB00773,CC0 1.0,PharmacotherapyDB,False
DOID:418,DB00993,CC0 1.0,PharmacotherapyDB,False
DOID:10763,DB01275,CC0 1.0,PharmacotherapyDB,False
DOID:10534,DB01101,CC0 1.0,PharmacotherapyDB,False
DOID:10763,DB00401,CC0 1.0,PharmacotherapyDB,False
DOID:1324,DB00563,CC0 1.0,PharmacotherapyDB,False
DOID:9352,DB00222,CC0 1.0,PharmacotherapyDB,False
DOID:1909,DB00290,CC0 1.0,PharmacotherapyDB,False
DOID:2531,DB01280,CC0 1.0,PharmacotherapyDB,False
DOID:3310,DB00455,CC0 1.0,PharmacotherapyDB,False
DOID:3083,DB00860,CC0 1.0,PharmacotherapyDB,False
DOID:8577,DB00244,CC0 1.0,PharmacotherapyDB,False
DOID:12365,DB00250,CC0 1.0,PharmacotherapyDB,False
DOID:10763,DB01023,CC0 1.0,PharmacotherapyDB,False
DOID:3310,DB01047,CC0 1.0,PharmacotherapyDB,False
DOID:2841,DB00635,CC0 1.0,PharmacotherapyDB,False
DOID:2531,DB00541,CC0 1.0,PharmacotherapyDB,False
DOID:2531,DB00443,CC0 1.0,PharmacotherapyDB,False
DOID:9008,DB01234,CC0 1.0,PharmacotherapyDB,False
DOID:418,DB00688,CC0 1.0,PharmacotherapyDB,False
DOID:9352,DB00491,CC0 1.0,PharmacotherapyDB,False
DOID:2998,DB00570,CC0 1.0,PharmacotherapyDB,False
DOID:1793,DB00441,CC0 1.0,PharmacotherapyDB,False
DOID:6364,DB00661,CC0 1.0,PharmacotherapyDB,False
DOID:12365,DB00205,CC0 1.0,PharmacotherapyDB,False
DOID:7147,DB00959,CC0 1.0,PharmacotherapyDB,False
DOID:10534,DB00544,CC0 1.0,PharmacotherapyDB,False
DOID:1826,DB01068,CC0 1.0,PharmacotherapyDB,False
DOID:263,DB01101,CC0 1.0,PharmacotherapyDB,False
DOID:2394,DB00488,CC0 1.0,PharmacotherapyDB,False
DOID:263,DB00970,CC0 1.0,PharmacotherapyDB,False
DOID:3393,DB00177,CC0 1.0,PharmacotherapyDB,False
DOID:184,DB00997,CC0 1.0,PharmacotherapyDB,False
DOID:0050741,DB00215,CC0 1.0,PharmacotherapyDB,False
DOID:13189,DB01394,CC0 1.0,PharmacotherapyDB,False
DOID:1826,DB01320,CC0 1.0,PharmacotherapyDB,False
DOID:2531,DB01181,CC0 1.0,PharmacotherapyDB,False
DOID:1686,DB01057,CC0 1.0,PharmacotherapyDB,False
DOID:9206,DB00338,CC0 1.0,PharmacotherapyDB,False
DOID:8577,DB00993,CC0 1.0,PharmacotherapyDB,False
DOID:9970,DB00501,CC0 1.0,PharmacotherapyDB,False
DOID:2377,DB00563,CC0 1.0,PharmacotherapyDB,False
DOID:2531,DB00860,CC0 1.0,PharmacotherapyDB,False
DOID:8577,DB00795,CC0 1.0,PharmacotherapyDB,False
DOID:4481,DB01075,CC0 1.0,PharmacotherapyDB,False
DOID:2531,DB00261,CC0 1.0,PharmacotherapyDB,False
DOID:9074,DB00091,CC0 1.0,PharmacotherapyDB,False
DOID:12361,DB00763,CC0 1.0,PharmacotherapyDB,False
DOID:3393,DB01098,CC0 1.0,PharmacotherapyDB,False
DOID:418,DB01197,CC0 1.0,PharmacotherapyDB,False
DOID:4045,DB00970,CC0 1.0,PharmacotherapyDB,False
DOID:11476,DB00399,CC0 1.0,PharmacotherapyDB,False
DOID:10763,DB01029,CC0 1.0,PharmacotherapyDB,False
DOID:2531,DB00631,CC0 1.0,PharmacotherapyDB,False
DOID:1686,DB00521,CC0 1.0,PharmacotherapyDB,False
DOID:10763,DB01170,CC0 1.0,PharmacotherapyDB,False
DOID:1612,DB00291,CC0 1.0,PharmacotherapyDB,False
DOID:1324,DB00642,CC0 1.0,PharmacotherapyDB,False
DOID:3393,DB00641,CC0 1.0,PharmacotherapyDB,False
DOID:9744,DB00178,CC0 1.0,PharmacotherapyDB,False
DOID:11476,DB00169,CC0 1.0,PharmacotherapyDB,False
DOID:1612,DB01204,CC0 1.0,PharmacotherapyDB,False
DOID:1024,DB01045,CC0 1.0,PharmacotherapyDB,False
DOID:1612,DB01101,CC0 1.0,PharmacotherapyDB,False
DOID:219,DB00544,CC0 1.0,PharmacotherapyDB,False
DOID:10283,DB00635,CC0 1.0,PharmacotherapyDB,False
DOID:1612,DB00563,CC0 1.0,PharmacotherapyDB,False
DOID:2377,DB01204,CC0 1.0,PharmacotherapyDB,False
DOID:1826,DB01202,CC0 1.0,PharmacotherapyDB,False
DOID:2531,DB08877,CC0 1.0,PharmacotherapyDB,False
DOID:9352,DB01120,CC0 1.0,PharmacotherapyDB,False
DOID:1192,DB00523,CC0 1.0,PharmacotherapyDB,False
DOID:1909,DB00851,CC0 1.0,PharmacotherapyDB,False
DOID:10763,DB00270,CC0 1.0,PharmacotherapyDB,False
DOID:10763,DB00226,CC0 1.0,PharmacotherapyDB,False
DOID:4159,DB08828,CC0 1.0,PharmacotherapyDB,False
DOID:1192,DB00982,CC0 1.0,PharmacotherapyDB,False
DOID:9970,DB00937,CC0 1.0,PharmacotherapyDB,False
DOID:1612,DB01177,CC0 1.0,PharmacotherapyDB,False
DOID:10763,DB00492,CC0 1.0,PharmacotherapyDB,False
DOID:3310,DB00635,CC0 1.0,PharmacotherapyDB,False
DOID:8893,DB00688,CC0 1.0,PharmacotherapyDB,False
DOID:2841,DB00651,CC0 1.0,PharmacotherapyDB,False
DOID:11054,DB00305,CC0 1.0,PharmacotherapyDB,False
DOID:1793,DB00762,CC0 1.0,PharmacotherapyDB,False
DOID:2994,DB00515,CC0 1.0,PharmacotherapyDB,False
DOID:2531,DB01177,CC0 1.0,PharmacotherapyDB,False
DOID:1936,DB00973,CC0 1.0,PharmacotherapyDB,False
DOID:2841,DB01410,CC0 1.0,PharmacotherapyDB,False
DOID:635,DB00224,CC0 1.0,PharmacotherapyDB,False
DOID:3310,DB00864,CC0 1.0,PharmacotherapyDB,False
DOID:2841,DB00860,CC0 1.0,PharmacotherapyDB,False
DOID:3393,DB00775,CC0 1.0,PharmacotherapyDB,False
DOID:2531,DB00352,CC0 1.0,PharmacotherapyDB,False
DOID:1909,DB08881,CC0 1.0,PharmacotherapyDB,False
DOID:10534,DB00445,CC0 1.0,PharmacotherapyDB,False
DOID:10534,DB00563,CC0 1.0,PharmacotherapyDB,False
DOID:1324,DB00762,CC0 1.0,PharmacotherapyDB,False
DOID:2531,DB00570,CC0 1.0,PharmacotherapyDB,False
DOID:2377,DB08868,CC0 1.0,PharmacotherapyDB,False
DOID:1324,DB00997,CC0 1.0,PharmacotherapyDB,False
DOID:10763,DB00876,CC0 1.0,PharmacotherapyDB,False
DOID:1793,DB00445,CC0 1.0,PharmacotherapyDB,False
DOID:1459,DB01583,CC0 1.0,PharmacotherapyDB,False
DOID:2531,DB00441,CC0 1.0,PharmacotherapyDB,False
DOID:9074,DB00250,CC0 1.0,PharmacotherapyDB,False
DOID:1115,DB01204,CC0 1.0,PharmacotherapyDB,False
DOID:3393,DB08816,CC0 1.0,PharmacotherapyDB,False
DOID:1781,DB00398,CC0 1.0,PharmacotherapyDB,False
DOID:7148,DB00741,CC0 1.0,PharmacotherapyDB,False
DOID:3310,DB00764,CC0 1.0,PharmacotherapyDB,False
DOID:10763,DB00178,CC0 1.0,PharmacotherapyDB,False
DOID:1612,DB00441,CC0 1.0,PharmacotherapyDB,False
DOID:1909,DB01248,CC0 1.0,PharmacotherapyDB,False
DOID:1686,DB00964,CC0 1.0,PharmacotherapyDB,False
DOID:8893,DB00553,CC0 1.0,PharmacotherapyDB,False
DOID:3310,DB01260,CC0 1.0,PharmacotherapyDB,False
DOID:2531,DB00997,CC0 1.0,PharmacotherapyDB,False
DOID:1115,DB00541,CC0 1.0,PharmacotherapyDB,False
DOID:1459,DB00279,CC0 1.0,PharmacotherapyDB,False
DOID:635,DB00649,CC0 1.0,PharmacotherapyDB,False
DOID:5408,DB00630,CC0 1.0,PharmacotherapyDB,False
DOID:2994,DB00290,CC0 1.0,PharmacotherapyDB,False
DOID:1612,DB00958,CC0 1.0,PharmacotherapyDB,False
DOID:0050742,DB01273,CC0 1.0,PharmacotherapyDB,False
DOID:11934,DB01005,CC0 1.0,PharmacotherapyDB,False
DOID:13189,DB00328,CC0 1.0,PharmacotherapyDB,False
DOID:1612,DB08871,CC0 1.0,PharmacotherapyDB,False
DOID:9352,DB00331,CC0 1.0,PharmacotherapyDB,False
DOID:10763,DB00691,CC0 1.0,PharmacotherapyDB,False
DOID:11476,DB00286,CC0 1.0,PharmacotherapyDB,False
DOID:2531,DB00242,CC0 1.0,PharmacotherapyDB,False
DOID:11476,DB00884,CC0 1.0,PharmacotherapyDB,False
DOID:8577,DB00169,CC0 1.0,PharmacotherapyDB,False
DOID:1319,DB00773,CC0 1.0,PharmacotherapyDB,False
DOID:1612,DB04572,CC0 1.0,PharmacotherapyDB,False
DOID:7147,DB00620,CC0 1.0,PharmacotherapyDB,False
DOID:1192,DB00755,CC0 1.0,PharmacotherapyDB,False
DOID:11612,DB00331,CC0 1.0,PharmacotherapyDB,False
DOID:263,DB00997,CC0 1.0,PharmacotherapyDB,False
DOID:5408,DB01077,CC0 1.0,PharmacotherapyDB,False
DOID:2841,DB01274,CC0 1.0,PharmacotherapyDB,False
DOID:2531,DB01008,CC0 1.0,PharmacotherapyDB,False
DOID:11054,DB00385,CC0 1.0,PharmacotherapyDB,False
DOID:2841,DB00741,CC0 1.0,PharmacotherapyDB,False
DOID:3310,DB00620,CC0 1.0,PharmacotherapyDB,False
DOID:2998,DB00773,CC0 1.0,PharmacotherapyDB,False
DOID:1686,DB00869,CC0 1.0,PharmacotherapyDB,False
DOID:1686,DB00195,CC0 1.0,PharmacotherapyDB,False
DOID:1324,DB00441,CC0 1.0,PharmacotherapyDB,False
DOID:8893,DB00091,CC0 1.0,PharmacotherapyDB,False
DOID:3571,DB00445,CC0 1.0,PharmacotherapyDB,False
DOID:1686,DB00819,CC0 1.0,PharmacotherapyDB,False
DOID:2174,DB00970,CC0 1.0,PharmacotherapyDB,False
DOID:1686,DB00905,CC0 1.0,PharmacotherapyDB,False
DOID:10763,DB00880,CC0 1.0,PharmacotherapyDB,False
DOID:12930,DB00695,CC0 1.0,PharmacotherapyDB,False
DOID:3393,DB08860,CC0 1.0,PharmacotherapyDB,False
DOID:1324,DB00515,CC0 1.0,PharmacotherapyDB,False
DOID:635,DB00900,CC0 1.0,PharmacotherapyDB,False
DOID:8893,DB00563,CC0 1.0,PharmacotherapyDB,False
DOID:4045,DB00773,CC0 1.0,PharmacotherapyDB,False
DOID:418,DB00635,CC0 1.0,PharmacotherapyDB,False
DOID:10763,DB00678,CC0 1.0,PharmacotherapyDB,False
DOID:1793,DB00851,CC0 1.0,PharmacotherapyDB,False
DOID:10283,DB00445,CC0 1.0,PharmacotherapyDB,False
DOID:3393,DB00678,CC0 1.0,PharmacotherapyDB,False
DOID:8893,DB00394,CC0 1.0,PharmacotherapyDB,False
DOID:10652,DB00989,CC0 1.0,PharmacotherapyDB,False
DOID:4159,DB00290,CC0 1.0,PharmacotherapyDB,False
DOID:12361,DB00550,CC0 1.0,PharmacotherapyDB,False
DOID:2531,DB00762,CC0 1.0,PharmacotherapyDB,False
DOID:10283,DB00655,CC0 1.0,PharmacotherapyDB,False
DOID:263,DB00541,CC0 1.0,PharmacotherapyDB,False
DOID:9206,DB00736,CC0 1.0,PharmacotherapyDB,False
DOID:1115,DB00970,CC0 1.0,PharmacotherapyDB,False
DOID:4481,DB00341,CC0 1.0,PharmacotherapyDB,False
DOID:10763,DB01197,CC0 1.0,PharmacotherapyDB,False
DOID:2531,DB01042,CC0 1.0,PharmacotherapyDB,False
DOID:9352,DB01261,CC0 1.0,PharmacotherapyDB,False
DOID:10763,DB00195,CC0 1.0,PharmacotherapyDB,False
DOID:7148,DB00959,CC0 1.0,PharmacotherapyDB,False
DOID:8778,DB01014,CC0 1.0,PharmacotherapyDB,False
DOID:3070,DB00262,CC0 1.0,PharmacotherapyDB,False
DOID:363,DB00396,CC0 1.0,PharmacotherapyDB,False
DOID:1324,DB00773,CC0 1.0,PharmacotherapyDB,False
DOID:2531,DB00361,CC0 1.0,PharmacotherapyDB,False
DOID:10534,DB00762,CC0 1.0,PharmacotherapyDB,False
DOID:3310,DB00741,CC0 1.0,PharmacotherapyDB,False
DOID:2531,DB01005,CC0 1.0,PharmacotherapyDB,False
DOID:11476,DB00710,CC0 1.0,PharmacotherapyDB,False
DOID:14221,DB00331,CC0 1.0,PharmacotherapyDB,False
DOID:10763,DB00421,CC0 1.0,PharmacotherapyDB,False
DOID:2531,DB00851,CC0 1.0,PharmacotherapyDB,False
DOID:2043,DB00718,CC0 1.0,PharmacotherapyDB,False
DOID:3393,DB00966,CC0 1.0,PharmacotherapyDB,False
DOID:12365,DB01131,CC0 1.0,PharmacotherapyDB,False
DOID:1936,DB00227,CC0 1.0,PharmacotherapyDB,False
DOID:1826,DB00273,CC0 1.0,PharmacotherapyDB,False
DOID:10534,DB00322,CC0 1.0,PharmacotherapyDB,False
DOID:4045,DB00851,CC0 1.0,PharmacotherapyDB,False
DOID:10763,DB00177,CC0 1.0,PharmacotherapyDB,False
DOID:363,DB00958,CC0 1.0,PharmacotherapyDB,False
DOID:9008,DB00959,CC0 1.0,PharmacotherapyDB,False
DOID:2531,DB00773,CC0 1.0,PharmacotherapyDB,False
DOID:1319,DB00262,CC0 1.0,PharmacotherapyDB,False
DOID:9352,DB00839,CC0 1.0,PharmacotherapyDB,False
DOID:1115,DB04572,CC0 1.0,PharmacotherapyDB,False
DOID:2841,DB00394,CC0 1.0,PharmacotherapyDB,False
DOID:3083,DB01274,CC0 1.0,PharmacotherapyDB,False
DOID:2174,DB00958,CC0 1.0,PharmacotherapyDB,False
DOID:9352,DB01124,CC0 1.0,PharmacotherapyDB,False
DOID:0060073,DB00262,CC0 1.0,PharmacotherapyDB,False
DOID:1826,DB00949,CC0 1.0,PharmacotherapyDB,False
DOID:2998,DB00515,CC0 1.0,PharmacotherapyDB,False
DOID:8893,DB00591,CC0 1.0,PharmacotherapyDB,False
DOID:10534,DB00997,CC0 1.0,PharmacotherapyDB,False
DOID:1826,DB00313,CC0 1.0,PharmacotherapyDB,False
DOID:9352,DB00672,CC0 1.0,PharmacotherapyDB,False
DOID:9074,DB01234,CC0 1.0,PharmacotherapyDB,False
DOID:9352,DB00178,CC0 1.0,PharmacotherapyDB,False
DOID:4159,DB01248,CC0 1.0,PharmacotherapyDB,False
DOID:1781,DB00445,CC0 1.0,PharmacotherapyDB,False
DOID:6364,DB00373,CC0 1.0,PharmacotherapyDB,False
DOID:7147,DB01234,CC0 1.0,PharmacotherapyDB,False
DOID:263,DB01590,CC0 1.0,PharmacotherapyDB,False
DOID:9074,DB00620,CC0 1.0,PharmacotherapyDB,False
DOID:2841,DB00471,CC0 1.0,PharmacotherapyDB,False
DOID:10283,DB00773,CC0 1.0,PharmacotherapyDB,False
DOID:8893,DB01013,CC0 1.0,PharmacotherapyDB,False
DOID:2841,DB01064,CC0 1.0,PharmacotherapyDB,False
DOID:10763,DB01162,CC0 1.0,PharmacotherapyDB,False
DOID:10283,DB00977,CC0 1.0,PharmacotherapyDB,False
DOID:9074,DB00688,CC0 1.0,PharmacotherapyDB,False
DOID:14227,DB00882,CC0 1.0,PharmacotherapyDB,False
DOID:1324,DB01229,CC0 1.0,PharmacotherapyDB,False
DOID:2841,DB00716,CC0 1.0,PharmacotherapyDB,False
DOID:1115,DB00773,CC0 1.0,PharmacotherapyDB,False
DOID:2531,DB01041,CC0 1.0,PharmacotherapyDB,False
DOID:1793,DB00675,CC0 1.0,PharmacotherapyDB,False
DOID:9352,DB01200,CC0 1.0,PharmacotherapyDB,False
DOID:1686,DB00484,CC0 1.0,PharmacotherapyDB,False
DOID:9352,DB01132,CC0 1.0,PharmacotherapyDB,False
DOID:1324,DB08865,CC0 1.0,PharmacotherapyDB,False
DOID:0050741,DB00659,CC0 1.0,PharmacotherapyDB,False
DOID:2841,DB00277,CC0 1.0,PharmacotherapyDB,False
DOID:7148,DB00620,CC0 1.0,PharmacotherapyDB,False
DOID:1319,DB01005,CC0 1.0,PharmacotherapyDB,False
DOID:2531,DB01168,CC0 1.0,PharmacotherapyDB,False
DOID:2531,DB00553,CC0 1.0,PharmacotherapyDB,False
DOID:5041,DB00958,CC0 1.0,PharmacotherapyDB,False
DOID:11054,DB00441,CC0 1.0,PharmacotherapyDB,False
DOID:7147,DB00443,CC0 1.0,PharmacotherapyDB,False
DOID:3310,DB01075,CC0 1.0,PharmacotherapyDB,False
DOID:12236,DB01586,CC0 1.0,PharmacotherapyDB,False
DOID:9008,DB00995,CC0 1.0,PharmacotherapyDB,False
DOID:10763,DB01115,CC0 1.0,PharmacotherapyDB,False
DOID:2531,DB00620,CC0 1.0,PharmacotherapyDB,False
DOID:10283,DB00286,CC0 1.0,PharmacotherapyDB,False
DOID:10763,DB01203,CC0 1.0,PharmacotherapyDB,False
DOID:3310,DB00959,CC0 1.0,PharmacotherapyDB,False
DOID:219,DB00762,CC0 1.0,PharmacotherapyDB,False
DOID:1612,DB01259,CC0 1.0,PharmacotherapyDB,False
DOID:2841,DB01409,CC0 1.0,PharmacotherapyDB,False
DOID:2841,DB01222,CC0 1.0,PharmacotherapyDB,False
DOID:10283,DB05812,CC0 1.0,PharmacotherapyDB,False
DOID:635,DB00701,CC0 1.0,PharmacotherapyDB,False
DOID:2043,DB00709,CC0 1.0,PharmacotherapyDB,False
DOID:11934,DB00570,CC0 1.0,PharmacotherapyDB,False
DOID:3083,DB01656,CC0 1.0,PharmacotherapyDB,False
DOID:3310,DB00985,CC0 1.0,PharmacotherapyDB,False
DOID:3083,DB01409,CC0 1.0,PharmacotherapyDB,False
DOID:9352,DB00177,CC0 1.0,PharmacotherapyDB,False
DOID:4045,DB00563,CC0 1.0,PharmacotherapyDB,False
DOID:12236,DB06777,CC0 1.0,PharmacotherapyDB,False
DOID:10763,DB00622,CC0 1.0,PharmacotherapyDB,False
DOID:10763,DB01136,CC0 1.0,PharmacotherapyDB,False
DOID:1192,DB00997,CC0 1.0,PharmacotherapyDB,False
DOID:1793,DB00997,CC0 1.0,PharmacotherapyDB,False
DOID:8778,DB00244,CC0 1.0,PharmacotherapyDB,False
DOID:1909,DB00970,CC0 1.0,PharmacotherapyDB,False
DOID:2531,DB00563,CC0 1.0,PharmacotherapyDB,False
DOID:2841,DB00764,CC0 1.0,PharmacotherapyDB,False
DOID:9352,DB01029,CC0 1.0,PharmacotherapyDB,False
DOID:2841,DB01003,CC0 1.0,PharmacotherapyDB,False
DOID:263,DB00398,CC0 1.0,PharmacotherapyDB,False
DOID:10763,DB00800,CC0 1.0,PharmacotherapyDB,False
DOID:4481,DB00620,CC0 1.0,PharmacotherapyDB,False
DOID:2998,DB00563,CC0 1.0,PharmacotherapyDB,False
DOID:10763,DB00629,CC0 1.0,PharmacotherapyDB,False
DOID:263,DB00441,CC0 1.0,PharmacotherapyDB,False
DOID:10763,DB00774,CC0 1.0,PharmacotherapyDB,False
DOID:4989,DB00782,CC0 1.0,PharmacotherapyDB,False
DOID:6364,DB00571,CC0 1.0,PharmacotherapyDB,False
DOID:11476,DB00630,CC0 1.0,PharmacotherapyDB,False
DOID:418,DB01024,CC0 1.0,PharmacotherapyDB,False
DOID:1612,DB01248,CC0 1.0,PharmacotherapyDB,False
DOID:2531,DB00987,CC0 1.0,PharmacotherapyDB,False
DOID:2841,DB00938,CC0 1.0,PharmacotherapyDB,False
DOID:2531,DB01204,CC0 1.0,PharmacotherapyDB,False
DOID:10763,DB00999,CC0 1.0,PharmacotherapyDB,False
DOID:8893,DB00620,CC0 1.0,PharmacotherapyDB,False
DOID:2394,DB00958,CC0 1.0,PharmacotherapyDB,False
DOID:2531,DB00480,CC0 1.0,PharmacotherapyDB,False
DOID:10283,DB01204,CC0 1.0,PharmacotherapyDB,False
DOID:9008,DB00443,CC0 1.0,PharmacotherapyDB,False
DOID:3393,DB00627,CC0 1.0,PharmacotherapyDB,False
DOID:9008,DB00563,CC0 1.0,PharmacotherapyDB,False
DOID:12365,DB00359,CC0 1.0,PharmacotherapyDB,False
DOID:3393,DB00700,CC0 1.0,PharmacotherapyDB,False
DOID:1324,DB01248,CC0 1.0,PharmacotherapyDB,False
DOID:10534,DB00305,CC0 1.0,PharmacotherapyDB,False
DOID:1612,DB01006,CC0 1.0,PharmacotherapyDB,False
DOID:2998,DB00958,CC0 1.0,PharmacotherapyDB,False
DOID:1115,DB00997,CC0 1.0,PharmacotherapyDB,False
DOID:1612,DB00947,CC0 1.0,PharmacotherapyDB,False
DOID:2994,DB01181,CC0 1.0,PharmacotherapyDB,False
DOID:418,DB00563,CC0 1.0,PharmacotherapyDB,False
DOID:3083,DB00635,CC0 1.0,PharmacotherapyDB,False
DOID:1793,DB00544,CC0 1.0,PharmacotherapyDB,False
DOID:1781,DB00997,CC0 1.0,PharmacotherapyDB,False
DOID:2841,DB00983,CC0 1.0,PharmacotherapyDB,False
DOID:10763,DB00187,CC0 1.0,PharmacotherapyDB,False
DOID:12930,DB00421,CC0 1.0,PharmacotherapyDB,False
DOID:11054,DB00958,CC0 1.0,PharmacotherapyDB,False
DOID:4481,DB00443,CC0 1.0,PharmacotherapyDB,False
DOID:11476,DB00977,CC0 1.0,PharmacotherapyDB,False
DOID:1192,DB00851,CC0 1.0,PharmacotherapyDB,False
DOID:8893,DB00169,CC0 1.0,PharmacotherapyDB,False
DOID:2841,DB00959,CC0 1.0,PharmacotherapyDB,False
DOID:1826,DB00776,CC0 1.0,PharmacotherapyDB,False
DOID:10283,DB00126,CC0 1.0,PharmacotherapyDB,False
DOID:8778,DB00795,CC0 1.0,PharmacotherapyDB,False
DOID:11054,DB00544,CC0 1.0,PharmacotherapyDB,False
DOID:8893,DB00443,CC0 1.0,PharmacotherapyDB,False
DOID:2841,DB00180,CC0 1.0,PharmacotherapyDB,False
DOID:2394,DB00291,CC0 1.0,PharmacotherapyDB,False
DOID:7147,DB00563,CC0 1.0,PharmacotherapyDB,False
DOID:11476,DB00258,CC0 1.0,PharmacotherapyDB,False
DOID:10283,DB01196,CC0 1.0,PharmacotherapyDB,False
DOID:6364,DB00313,CC0 1.0,PharmacotherapyDB,False
DOID:7148,DB00153,CC0 1.0,PharmacotherapyDB,False
DOID:0060073,DB00444,CC0 1.0,PharmacotherapyDB,False
DOID:8893,DB02300,CC0 1.0,PharmacotherapyDB,False
DOID:363,DB00970,CC0 1.0,PharmacotherapyDB,False
DOID:10763,DB00264,CC0 1.0,PharmacotherapyDB,False
DOID:263,DB06287,CC0 1.0,PharmacotherapyDB,False
DOID:2998,DB01181,CC0 1.0,PharmacotherapyDB,False
DOID:2531,DB00552,CC0 1.0,PharmacotherapyDB,False
DOID:1612,DB01185,CC0 1.0,PharmacotherapyDB,False
DOID:3393,DB00973,CC0 1.0,PharmacotherapyDB,False
DOID:0060073,DB00290,CC0 1.0,PharmacotherapyDB,False
DOID:8893,DB00799,CC0 1.0,PharmacotherapyDB,False
DOID:0060073,DB00563,CC0 1.0,PharmacotherapyDB,False
DOID:12930,DB00722,CC0 1.0,PharmacotherapyDB,False
DOID:2841,DB01001,CC0 1.0,PharmacotherapyDB,False
DOID:1192,DB00515,CC0 1.0,PharmacotherapyDB,False
DOID:10283,DB00014,CC0 1.0,PharmacotherapyDB,False
DOID:1612,DB00539,CC0 1.0,PharmacotherapyDB,False
DOID:2994,DB00773,CC0 1.0,PharmacotherapyDB,False
DOID:1793,DB01268,CC0 1.0,PharmacotherapyDB,False
DOID:10763,DB00436,CC0 1.0,PharmacotherapyDB,False
DOID:9970,DB01156,CC0 1.0,PharmacotherapyDB,False
DOID:1826,DB00909,CC0 1.0,PharmacotherapyDB,False
DOID:1319,DB00958,CC0 1.0,PharmacotherapyDB,False
DOID:3393,DB00275,CC0 1.0,PharmacotherapyDB,False
DOID:2841,DB01234,CC0 1.0,PharmacotherapyDB,False
DOID:1115,DB00445,CC0 1.0,PharmacotherapyDB,False
DOID:1312,DB00091,CC0 1.0,PharmacotherapyDB,False
DOID:263,DB01229,CC0 1.0,PharmacotherapyDB,False
DOID:10763,DB00575,CC0 1.0,PharmacotherapyDB,False
DOID:2531,DB02546,CC0 1.0,PharmacotherapyDB,False
DOID:1686,DB00449,CC0 1.0,PharmacotherapyDB,False
DOID:2531,DB00291,CC0 1.0,PharmacotherapyDB,False
DOID:1612,DB00544,CC0 1.0,PharmacotherapyDB,False
DOID:2531,DB00445,CC0 1.0,PharmacotherapyDB,False
DOID:10763,DB00594,CC0 1.0,PharmacotherapyDB,False
DOID:7148,DB00443,CC0 1.0,PharmacotherapyDB,False
DOID:1612,DB00361,CC0 1.0,PharmacotherapyDB,False
DOID:10763,DB00881,CC0 1.0,PharmacotherapyDB,False
DOID:8577,DB00635,CC0 1.0,PharmacotherapyDB,False
DOID:635,DB00503,CC0 1.0,PharmacotherapyDB,False
DOID:12365,DB01190,CC0 1.0,PharmacotherapyDB,False
DOID:3393,DB00519,CC0 1.0,PharmacotherapyDB,False
DOID:10763,DB00968,CC0 1.0,PharmacotherapyDB,False
DOID:10763,DB00310,CC0 1.0,PharmacotherapyDB,False
DOID:11054,DB00515,CC0 1.0,PharmacotherapyDB,False
DOID:1319,DB01206,CC0 1.0,PharmacotherapyDB,False
DOID:1612,DB00675,CC0 1.0,PharmacotherapyDB,False
DOID:10283,DB01101,CC0 1.0,PharmacotherapyDB,False
DOID:418,DB00764,CC0 1.0,PharmacotherapyDB,False
DOID:9074,DB00635,CC0 1.0,PharmacotherapyDB,False
DOID:1612,DB01042,CC0 1.0,PharmacotherapyDB,False
DOID:4159,DB00851,CC0 1.0,PharmacotherapyDB,False
DOID:1612,DB01217,CC0 1.0,PharmacotherapyDB,False
DOID:7147,DB00795,CC0 1.0,PharmacotherapyDB,False
DOID:10763,DB01076,CC0 1.0,PharmacotherapyDB,False
DOID:12365,DB01346,CC0 1.0,PharmacotherapyDB,False
DOID:3083,DB01001,CC0 1.0,PharmacotherapyDB,False
DOID:7148,DB01097,CC0 1.0,PharmacotherapyDB,False
DOID:10763,DB00350,CC0 1.0,PharmacotherapyDB,False
DOID:2531,DB00290,CC0 1.0,PharmacotherapyDB,False
DOID:1781,DB05294,CC0 1.0,PharmacotherapyDB,False
DOID:2841,DB00549,CC0 1.0,PharmacotherapyDB,False
DOID:2531,DB01254,CC0 1.0,PharmacotherapyDB,False
DOID:11054,DB00563,CC0 1.0,PharmacotherapyDB,False
DOID:9970,DB01105,CC0 1.0,PharmacotherapyDB,False
DOID:4159,DB00853,CC0 1.0,PharmacotherapyDB,False
DOID:1826,DB00347,CC0 1.0,PharmacotherapyDB,False
DOID:9352,DB00678,CC0 1.0,PharmacotherapyDB,False
DOID:2841,DB00920,CC0 1.0,PharmacotherapyDB,False
DOID:2531,DB00188,CC0 1.0,PharmacotherapyDB,False
DOID:10763,DB00661,CC0 1.0,PharmacotherapyDB,False
DOID:1686,DB00703,CC0 1.0,PharmacotherapyDB,False
DOID:8577,DB01222,CC0 1.0,PharmacotherapyDB,False
DOID:1686,DB00575,CC0 1.0,PharmacotherapyDB,False
DOID:5408,DB00884,CC0 1.0,PharmacotherapyDB,False
DOID:10763,DB00584,CC0 1.0,PharmacotherapyDB,False
DOID:11476,DB04574,CC0 1.0,PharmacotherapyDB,False
DOID:4481,DB00959,CC0 1.0,PharmacotherapyDB,False
DOID:11714,DB01016,CC0 1.0,PharmacotherapyDB,False
DOID:9008,DB00620,CC0 1.0,PharmacotherapyDB,False
DOID:8577,DB01250,CC0 1.0,PharmacotherapyDB,False
DOID:635,DB00220,CC0 1.0,PharmacotherapyDB,False
DOID:1324,DB00444,CC0 1.0,PharmacotherapyDB,False
DOID:12365,DB00468,CC0 1.0,PharmacotherapyDB,False
DOID:1115,DB00851,CC0 1.0,PharmacotherapyDB,False
DOID:3393,DB00695,CC0 1.0,PharmacotherapyDB,False
DOID:10652,DB00674,CC0 1.0,PharmacotherapyDB,False
DOID:11934,DB00544,CC0 1.0,PharmacotherapyDB,False
DOID:8893,DB01234,CC0 1.0,PharmacotherapyDB,False
DOID:3310,DB00337,CC0 1.0,PharmacotherapyDB,False
DOID:3310,DB00860,CC0 1.0,PharmacotherapyDB,False
DOID:2841,DB05039,CC0 1.0,PharmacotherapyDB,False
DOID:2043,DB00442,CC0 1.0,PharmacotherapyDB,False
DOID:2998,DB00291,CC0 1.0,PharmacotherapyDB,False
DOID:9970,DB00865,CC0 1.0,PharmacotherapyDB,False
DOID:7148,DB00563,CC0 1.0,PharmacotherapyDB,False
DOID:3277,DB00104,CC0 1.0,PharmacotherapyDB,False
DOID:1612,DB04845,CC0 1.0,PharmacotherapyDB,False
DOID:3393,DB01039,CC0 1.0,PharmacotherapyDB,False
DOID:12365,DB00908,CC0 1.0,PharmacotherapyDB,False
DOID:2377,DB00443,CC0 1.0,PharmacotherapyDB,False
DOID:1324,DB00570,CC0 1.0,PharmacotherapyDB,False
DOID:10283,DB06699,CC0 1.0,PharmacotherapyDB,False
DOID:9352,DB01016,CC0 1.0,PharmacotherapyDB,False
DOID:3393,DB01076,CC0 1.0,PharmacotherapyDB,False
DOID:0060073,DB01073,CC0 1.0,PharmacotherapyDB,False
DOID:3083,DB00983,CC0 1.0,PharmacotherapyDB,False
DOID:1793,DB00530,CC0 1.0,PharmacotherapyDB,False
DOID:1686,DB00287,CC0 1.0,PharmacotherapyDB,False
DOID:10763,DB00519,CC0 1.0,PharmacotherapyDB,False
DOID:9970,DB01083,CC0 1.0,PharmacotherapyDB,False
DOID:1826,DB06218,CC0 1.0,PharmacotherapyDB,False
DOID:3393,DB00722,CC0 1.0,PharmacotherapyDB,False
DOID:4481,DB00434,CC0 1.0,PharmacotherapyDB,False
DOID:0060073,DB00541,CC0 1.0,PharmacotherapyDB,False
DOID:8893,DB01047,CC0 1.0,PharmacotherapyDB,False
DOID:8893,DB01024,CC0 1.0,PharmacotherapyDB,False
DOID:1909,DB00262,CC0 1.0,PharmacotherapyDB,False
DOID:1612,DB00997,CC0 1.0,PharmacotherapyDB,False
DOID:1936,DB01098,CC0 1.0,PharmacotherapyDB,False
DOID:13189,DB00437,CC0 1.0,PharmacotherapyDB,False
DOID:3393,DB00227,CC0 1.0,PharmacotherapyDB,False
DOID:10763,DB04861,CC0 1.0,PharmacotherapyDB,False
DOID:2531,DB00307,CC0 1.0,PharmacotherapyDB,False
DOID:263,DB06589,CC0 1.0,PharmacotherapyDB,False
DOID:1612,DB00762,CC0 1.0,PharmacotherapyDB,False
DOID:9352,DB00284,CC0 1.0,PharmacotherapyDB,False
DOID:11476,DB00481,CC0 1.0,PharmacotherapyDB,False
DOID:184,DB00958,CC0 1.0,PharmacotherapyDB,False
DOID:1459,DB00451,CC0 1.0,PharmacotherapyDB,False
DOID:418,DB01097,CC0 1.0,PharmacotherapyDB,False
DOID:9074,DB00993,CC0 1.0,PharmacotherapyDB,False
DOID:635,DB01601,CC0 1.0,PharmacotherapyDB,False
DOID:7147,DB00860,CC0 1.0,PharmacotherapyDB,False
DOID:3393,DB01197,CC0 1.0,PharmacotherapyDB,False
DOID:1024,DB00250,CC0 1.0,PharmacotherapyDB,False
DOID:1826,DB01080,CC0 1.0,PharmacotherapyDB,False
DOID:3393,DB01359,CC0 1.0,PharmacotherapyDB,False
DOID:1826,DB00349,CC0 1.0,PharmacotherapyDB,False
DOID:1936,DB00641,CC0 1.0,PharmacotherapyDB,False
DOID:2998,DB00445,CC0 1.0,PharmacotherapyDB,False
DOID:2994,DB00970,CC0 1.0,PharmacotherapyDB,False
DOID:363,DB00773,CC0 1.0,PharmacotherapyDB,False
DOID:8893,DB00741,CC0 1.0,PharmacotherapyDB,False
DOID:1909,DB00853,CC0 1.0,PharmacotherapyDB,False
DOID:184,DB00563,CC0 1.0,PharmacotherapyDB,False
DOID:635,DB00705,CC0 1.0,PharmacotherapyDB,False
DOID:2394,DB00997,CC0 1.0,PharmacotherapyDB,False
DOID:1686,DB01144,CC0 1.0,PharmacotherapyDB,False
DOID:1686,DB01210,CC0 1.0,PharmacotherapyDB,False
DOID:9074,DB00741,CC0 1.0,PharmacotherapyDB,False
DOID:4159,DB00970,CC0 1.0,PharmacotherapyDB,False
DOID:12365,DB00254,CC0 1.0,PharmacotherapyDB,False
DOID:10652,DB01043,CC0 1.0,PharmacotherapyDB,False
DOID:3310,DB01234,CC0 1.0,PharmacotherapyDB,False
DOID:3393,DB01241,CC0 1.0,PharmacotherapyDB,False
DOID:8577,DB01014,CC0 1.0,PharmacotherapyDB,False
DOID:263,DB00570,CC0 1.0,PharmacotherapyDB,False
DOID:635,DB01048,CC0 1.0,PharmacotherapyDB,False
DOID:635,DB00495,CC0 1.0,PharmacotherapyDB,False
DOID:3083,DB01223,CC0 1.0,PharmacotherapyDB,False
DOID:9352,DB01067,CC0 1.0,PharmacotherapyDB,False
DOID:2841,DB01223,CC0 1.0,PharmacotherapyDB,False
DOID:9352,DB00412,CC0 1.0,PharmacotherapyDB,False
DOID:9008,DB00860,CC0 1.0,PharmacotherapyDB,False
DOID:1826,DB01174,CC0 1.0,PharmacotherapyDB,False
DOID:2841,DB00455,CC0 1.0,PharmacotherapyDB,False
DOID:9074,DB01097,CC0 1.0,PharmacotherapyDB,False
DOID:2841,DB05389,CC0 1.0,PharmacotherapyDB,False
DOID:7148,DB00091,CC0 1.0,PharmacotherapyDB,False
DOID:2531,DB01234,CC0 1.0,PharmacotherapyDB,False
DOID:2841,DB01291,CC0 1.0,PharmacotherapyDB,False
DOID:2531,DB01073,CC0 1.0,PharmacotherapyDB,False
DOID:0060073,DB00888,CC0 1.0,PharmacotherapyDB,False
DOID:2531,DB01206,CC0 1.0,PharmacotherapyDB,False
DOID:9352,DB00731,CC0 1.0,PharmacotherapyDB,False
DOID:13189,DB00635,CC0 1.0,PharmacotherapyDB,False
DOID:13189,DB01032,CC0 1.0,PharmacotherapyDB,False
DOID:10763,DB00384,CC0 1.0,PharmacotherapyDB,False
DOID:3083,DB00471,CC0 1.0,PharmacotherapyDB,False
DOID:10652,DB00843,CC0 1.0,PharmacotherapyDB,False
DOID:12236,DB01394,CC0 1.0,PharmacotherapyDB,False
DOID:1826,DB06201,CC0 1.0,PharmacotherapyDB,False
DOID:10763,DB00457,CC0 1.0,PharmacotherapyDB,False
DOID:9970,DB01577,CC0 1.0,PharmacotherapyDB,False
DOID:1324,DB00317,CC0 1.0,PharmacotherapyDB,False
DOID:3393,DB00945,CC0 1.0,PharmacotherapyDB,False
DOID:11054,DB00773,CC0 1.0,PharmacotherapyDB,False
DOID:6364,DB00321,CC0 1.0,PharmacotherapyDB,False
DOID:2531,DB00619,CC0 1.0,PharmacotherapyDB,False
DOID:2841,DB00588,CC0 1.0,PharmacotherapyDB,False
DOID:8893,DB00136,CC0 1.0,PharmacotherapyDB,False
DOID:418,DB00722,CC0 1.0,PharmacotherapyDB,False
DOID:3393,DB00584,CC0 1.0,PharmacotherapyDB,False
DOID:8893,DB00635,CC0 1.0,PharmacotherapyDB,False
DOID:11054,DB04572,CC0 1.0,PharmacotherapyDB,False
DOID:1612,DB00990,CC0 1.0,PharmacotherapyDB,False
DOID:9970,DB00397,CC0 1.0,PharmacotherapyDB,False
DOID:4045,DB00541,CC0 1.0,PharmacotherapyDB,False
DOID:13189,DB00788,CC0 1.0,PharmacotherapyDB,False
DOID:8577,DB00860,CC0 1.0,PharmacotherapyDB,False
DOID:11476,DB00136,CC0 1.0,PharmacotherapyDB,False
DOID:8577,DB01033,CC0 1.0,PharmacotherapyDB,False
DOID:10763,DB00343,CC0 1.0,PharmacotherapyDB,False
DOID:10283,DB00997,CC0 1.0,PharmacotherapyDB,False
DOID:1686,DB01085,CC0 1.0,PharmacotherapyDB,False
DOID:3393,DB00790,CC0 1.0,PharmacotherapyDB,False
DOID:10763,DB00722,CC0 1.0,PharmacotherapyDB,False
DOID:1024,DB01041,CC0 1.0,PharmacotherapyDB,False
DOID:2377,DB00993,CC0 1.0,PharmacotherapyDB,False
DOID:3393,DB00178,CC0 1.0,PharmacotherapyDB,False
DOID:7148,DB01234,CC0 1.0,PharmacotherapyDB,False
DOID:1192,DB00445,CC0 1.0,PharmacotherapyDB,False
DOID:2994,DB00563,CC0 1.0,PharmacotherapyDB,False
DOID:10763,DB00571,CC0 1.0,PharmacotherapyDB,False
DOID:1793,DB01248,CC0 1.0,PharmacotherapyDB,False
DOID:2394,DB01248,CC0 1.0,PharmacotherapyDB,False
DOID:10283,DB01248,CC0 1.0,PharmacotherapyDB,False
DOID:363,DB00445,CC0 1.0,PharmacotherapyDB,False
DOID:9074,DB00443,CC0 1.0,PharmacotherapyDB,False
DOID:0060073,DB00987,CC0 1.0,PharmacotherapyDB,False
DOID:10763,DB00542,CC0 1.0,PharmacotherapyDB,False
DOID:1612,DB00014,CC0 1.0,PharmacotherapyDB,False
DOID:10283,DB01128,CC0 1.0,PharmacotherapyDB,False
DOID:1686,DB00373,CC0 1.0,PharmacotherapyDB,False
DOID:2531,DB01033,CC0 1.0,PharmacotherapyDB,False
DOID:219,DB01101,CC0 1.0,PharmacotherapyDB,False
DOID:11476,DB01077,CC0 1.0,PharmacotherapyDB,False
DOID:11934,DB01248,CC0 1.0,PharmacotherapyDB,False
DOID:2531,DB00523,CC0 1.0,PharmacotherapyDB,False
DOID:7148,DB00995,CC0 1.0,PharmacotherapyDB,False
DOID:7147,DB00635,CC0 1.0,PharmacotherapyDB,False
DOID:10763,DB00796,CC0 1.0,PharmacotherapyDB,False
DOID:3571,DB00398,CC0 1.0,PharmacotherapyDB,False
DOID:2377,DB00635,CC0 1.0,PharmacotherapyDB,False
DOID:9352,DB08882,CC0 1.0,PharmacotherapyDB,False
DOID:11054,DB00997,CC0 1.0,PharmacotherapyDB,False
DOID:12365,DB06697,CC0 1.0,PharmacotherapyDB,False
DOID:4362,DB01030,CC0 1.0,PharmacotherapyDB,False
DOID:12365,DB00806,CC0 1.0,PharmacotherapyDB,False
DOID:1826,DB00819,CC0 1.0,PharmacotherapyDB,False
DOID:332,DB00740,CC0 1.0,PharmacotherapyDB,False
DOID:1826,DB00683,CC0 1.0,PharmacotherapyDB,False
DOID:12306,DB00553,CC0 1.0,PharmacotherapyDB,False
DOID:2394,DB01030,CC0 1.0,PharmacotherapyDB,False
DOID:10283,DB06772,CC0 1.0,PharmacotherapyDB,False
DOID:9352,DB01083,CC0 1.0,PharmacotherapyDB,False
DOID:10763,DB00790,CC0 1.0,PharmacotherapyDB,False
DOID:11476,DB00153,CC0 1.0,PharmacotherapyDB,False
DOID:184,DB00515,CC0 1.0,PharmacotherapyDB,False
DOID:10763,DB00966,CC0 1.0,PharmacotherapyDB,False
DOID:10763,DB00903,CC0 1.0,PharmacotherapyDB,False
DOID:635,DB00709,CC0 1.0,PharmacotherapyDB,False
DOID:1826,DB00818,CC0 1.0,PharmacotherapyDB,False
DOID:1324,DB00361,CC0 1.0,PharmacotherapyDB,False
DOID:8893,DB00459,CC0 1.0,PharmacotherapyDB,False
DOID:4481,DB01234,CC0 1.0,PharmacotherapyDB,False
DOID:1686,DB00411,CC0 1.0,PharmacotherapyDB,False
DOID:2841,DB00221,CC0 1.0,PharmacotherapyDB,False
DOID:418,DB00806,CC0 1.0,PharmacotherapyDB,False
DOID:2531,DB00262,CC0 1.0,PharmacotherapyDB,False
DOID:9074,DB00959,CC0 1.0,PharmacotherapyDB,False
DOID:10763,DB00590,CC0 1.0,PharmacotherapyDB,False
DOID:1612,DB01229,CC0 1.0,PharmacotherapyDB,False
DOID:1459,DB00509,CC0 1.0,PharmacotherapyDB,False
DOID:219,DB00563,CC0 1.0,PharmacotherapyDB,False
DOID:263,DB00530,CC0 1.0,PharmacotherapyDB,False
DOID:8778,DB00993,CC0 1.0,PharmacotherapyDB,False
DOID:10763,DB01018,CC0 1.0,PharmacotherapyDB,False
DOID:2394,DB01042,CC0 1.0,PharmacotherapyDB,False
DOID:1826,DB00996,CC0 1.0,PharmacotherapyDB,False
DOID:2841,DB00620,CC0 1.0,PharmacotherapyDB,False
DOID:585,DB00999,CC0 1.0,PharmacotherapyDB,False
DOID:2841,DB00744,CC0 1.0,PharmacotherapyDB,False
DOID:10763,DB00524,CC0 1.0,PharmacotherapyDB,False
DOID:13189,DB00741,CC0 1.0,PharmacotherapyDB,False
DOID:263,DB01268,CC0 1.0,PharmacotherapyDB,False
DOID:635,DB00238,CC0 1.0,PharmacotherapyDB,False
DOID:7148,DB00795,CC0 1.0,PharmacotherapyDB,False
DOID:2394,DB01229,CC0 1.0,PharmacotherapyDB,False
DOID:10763,DB00700,CC0 1.0,PharmacotherapyDB,False
DOID:10763,DB00373,CC0 1.0,PharmacotherapyDB,False
DOID:7148,DB00859,CC0 1.0,PharmacotherapyDB,False
DOID:13189,DB00860,CC0 1.0,PharmacotherapyDB,False
DOID:6364,DB00273,CC0 1.0,PharmacotherapyDB,False
DOID:4159,DB00724,CC0 1.0,PharmacotherapyDB,False
DOID:5041,DB00515,CC0 1.0,PharmacotherapyDB,False
DOID:2531,DB04868,CC0 1.0,PharmacotherapyDB,False
DOID:1192,DB00970,CC0 1.0,PharmacotherapyDB,False
DOID:1686,DB01194,CC0 1.0,PharmacotherapyDB,False
DOID:8577,DB00443,CC0 1.0,PharmacotherapyDB,False
DOID:1936,DB00175,CC0 1.0,PharmacotherapyDB,False
DOID:1612,DB00570,CC0 1.0,PharmacotherapyDB,False
DOID:2998,DB00997,CC0 1.0,PharmacotherapyDB,False
DOID:635,DB00625,CC0 1.0,PharmacotherapyDB,False
DOID:8778,DB00635,CC0 1.0,PharmacotherapyDB,False
DOID:8577,DB00184,CC0 1.0,PharmacotherapyDB,False
DOID:0050741,DB00704,CC0 1.0,PharmacotherapyDB,False
DOID:13189,DB00959,CC0 1.0,PharmacotherapyDB,False
DOID:2841,DB00871,CC0 1.0,PharmacotherapyDB,False
DOID:3393,DB00373,CC0 1.0,PharmacotherapyDB,False
DOID:5041,DB00563,CC0 1.0,PharmacotherapyDB,False
DOID:10763,DB00214,CC0 1.0,PharmacotherapyDB,False
DOID:10763,DB00275,CC0 1.0,PharmacotherapyDB,False
DOID:4481,DB00768,CC0 1.0,PharmacotherapyDB,False
DOID:1936,DB00627,CC0 1.0,PharmacotherapyDB,False
DOID:7148,DB00860,CC0 1.0,PharmacotherapyDB,False
DOID:1686,DB00981,CC0 1.0,PharmacotherapyDB,False
DOID:9074,DB00860,CC0 1.0,PharmacotherapyDB,False
DOID:9970,DB01579,CC0 1.0,PharmacotherapyDB,False
DOID:1826,DB00230,CC0 1.0,PharmacotherapyDB,False
DOID:9352,DB00912,CC0 1.0,PharmacotherapyDB,False
DOID:3310,DB00443,CC0 1.0,PharmacotherapyDB,False
DOID:1686,DB01214,CC0 1.0,PharmacotherapyDB,False
DOID:1612,DB00481,CC0 1.0,PharmacotherapyDB,False
DOID:3393,DB00758,CC0 1.0,PharmacotherapyDB,False
DOID:1192,DB01030,CC0 1.0,PharmacotherapyDB,False
DOID:8893,DB01005,CC0 1.0,PharmacotherapyDB,False
DOID:13378,DB00945,CC0 1.0,PharmacotherapyDB,False
DOID:2377,DB00242,CC0 1.0,PharmacotherapyDB,False
DOID:4045,DB00997,CC0 1.0,PharmacotherapyDB,False
DOID:7148,DB00993,CC0 1.0,PharmacotherapyDB,False
DOID:2377,DB00620,CC0 1.0,PharmacotherapyDB,False
DOID:5408,DB01133,CC0 1.0,PharmacotherapyDB,False
DOID:8577,DB01234,CC0 1.0,PharmacotherapyDB,False
DOID:0060073,DB01204,CC0 1.0,PharmacotherapyDB,False
DOID:3393,DB00175,CC0 1.0,PharmacotherapyDB,False
DOID:2531,DB00515,CC0 1.0,PharmacotherapyDB,False
DOID:10763,DB00598,CC0 1.0,PharmacotherapyDB,False
DOID:8577,DB00959,CC0 1.0,PharmacotherapyDB,False
DOID:2394,DB00445,CC0 1.0,PharmacotherapyDB,False
DOID:1826,DB00794,CC0 1.0,PharmacotherapyDB,False
DOID:9970,DB00273,CC0 1.0,PharmacotherapyDB,False
DOID:10283,DB00499,CC0 1.0,PharmacotherapyDB,False
DOID:2531,DB04572,CC0 1.0,PharmacotherapyDB,False
DOID:11476,DB00282,CC0 1.0,PharmacotherapyDB,False
DOID:10283,DB08866,CC0 1.0,PharmacotherapyDB,False
DOID:1192,DB00541,CC0 1.0,PharmacotherapyDB,False
DOID:10763,DB00887,CC0 1.0,PharmacotherapyDB,False
DOID:2998,DB00970,CC0 1.0,PharmacotherapyDB,False
DOID:9008,DB00635,CC0 1.0,PharmacotherapyDB,False
DOID:2394,DB00361,CC0 1.0,PharmacotherapyDB,False
DOID:1826,DB00564,CC0 1.0,PharmacotherapyDB,False
DOID:4481,DB00967,CC0 1.0,PharmacotherapyDB,False
DOID:10763,DB00695,CC0 1.0,PharmacotherapyDB,False
DOID:5408,DB00399,CC0 1.0,PharmacotherapyDB,False
DOID:8577,DB00741,CC0 1.0,PharmacotherapyDB,False
DOID:986,DB00620,CC0 1.0,PharmacotherapyDB,False
DOID:6364,DB00996,CC0 1.0,PharmacotherapyDB,False
DOID:1319,DB00853,CC0 1.0,PharmacotherapyDB,False
DOID:2841,DB00332,CC0 1.0,PharmacotherapyDB,False
DOID:4989,DB00424,CC0 1.0,PharmacotherapyDB,False
DOID:4481,DB00455,CC0 1.0,PharmacotherapyDB,False
DOID:1826,DB00829,CC0 1.0,PharmacotherapyDB,False
DOID:1612,DB00445,CC0 1.0,PharmacotherapyDB,False
DOID:0050741,DB00822,CC0 1.0,PharmacotherapyDB,False
DOID:8778,DB01033,CC0 1.0,PharmacotherapyDB,False
DOID:10534,DB01248,CC0 1.0,PharmacotherapyDB,False
DOID:4481,DB00180,CC0 1.0,PharmacotherapyDB,False
DOID:1826,DB00252,CC0 1.0,PharmacotherapyDB,False
DOID:3571,DB00997,CC0 1.0,PharmacotherapyDB,False
DOID:1192,DB01042,CC0 1.0,PharmacotherapyDB,False
DOID:2377,DB00959,CC0 1.0,PharmacotherapyDB,False
DOID:1826,DB01351,CC0 1.0,PharmacotherapyDB,False
DOID:10763,DB01193,CC0 1.0,PharmacotherapyDB,False
DOID:2841,DB00443,CC0 1.0,PharmacotherapyDB,False
DOID:10763,DB00381,CC0 1.0,PharmacotherapyDB,False
DOID:10763,DB00657,CC0 1.0,PharmacotherapyDB,False
DOID:2994,DB00570,CC0 1.0,PharmacotherapyDB,False
DOID:10763,DB01359,CC0 1.0,PharmacotherapyDB,False
DOID:184,DB00445,CC0 1.0,PharmacotherapyDB,False
DOID:2841,DB08906,CC0 1.0,PharmacotherapyDB,False
DOID:219,DB00541,CC0 1.0,PharmacotherapyDB,False
DOID:2531,DB00694,CC0 1.0,PharmacotherapyDB,False
DOID:4481,DB00471,CC0 1.0,PharmacotherapyDB,False
DOID:7148,DB00635,CC0 1.0,PharmacotherapyDB,False
DOID:4159,DB00544,CC0 1.0,PharmacotherapyDB,False
DOID:2377,DB00860,CC0 1.0,PharmacotherapyDB,False
DOID:11054,DB00445,CC0 1.0,PharmacotherapyDB,False
DOID:2377,DB01234,CC0 1.0,PharmacotherapyDB,False
DOID:1319,DB01168,CC0 1.0,PharmacotherapyDB,False
DOID:5408,DB00282,CC0 1.0,PharmacotherapyDB,False
DOID:11476,DB00783,CC0 1.0,PharmacotherapyDB,False
DOID:2841,DB00816,CC0 1.0,PharmacotherapyDB,False
DOID:8893,DB00860,CC0 1.0,PharmacotherapyDB,False
DOID:2043,DB01265,CC0 1.0,PharmacotherapyDB,False
DOID:1324,DB01030,CC0 1.0,PharmacotherapyDB,False
DOID:5041,DB01101,CC0 1.0,PharmacotherapyDB,False
DOID:363,DB00603,CC0 1.0,PharmacotherapyDB,False
