id,name,text_blob,license,source,url
DOID:14227,azoospermia,azoospermia (Disease),CC BY 3.0,Disease Ontology,http://purl.obolibrary.org/obo/DOID_14227
DOID:9352,type 2 diabetes mellitus,type 2 diabetes mellitus (Disease),CC BY 3.0,Disease Ontology,http://purl.obolibrary.org/obo/DOID_9352
DOID:8778,Crohn's disease,Crohn's disease (Disease),CC BY 3.0,Disease Ontology,http://purl.obolibrary.org/obo/DOID_8778
DOID:5612,spinal cancer,spinal cancer (Disease),CC BY 3.0,Disease Ontology,http://purl.obolibrary.org/obo/DOID_5612
DOID:363,uterine cancer,uterine cancer (Disease),CC BY 3.0,Disease Ontology,http://purl.obolibrary.org/obo/DOID_363
DOID:11054,urinary bladder cancer,urinary bladder cancer (Disease),CC BY 3.0,Disease Ontology,http://purl.obolibrary.org/obo/DOID_11054
DOID:1793,pancreatic cancer,pancreatic cancer (Disease),CC BY 3.0,Disease Ontology,http://purl.obolibrary.org/obo/DOID_1793
DOID:8850,salivary gland cancer,salivary gland cancer (Disease),CC BY 3.0,Disease Ontology,http://purl.obolibrary.org/obo/DOID_8850
DOID:0060119,pharynx cancer,pharynx cancer (Disease),CC BY 3.0,Disease Ontology,http://purl.obolibrary.org/obo/DOID_0060119
DOID:10763,hypertension,hypertension (Disease),CC BY 3.0,Disease Ontology,http://purl.obolibrary.org/obo/DOID_10763
DOID:3312,bipolar disorder,bipolar disorder (Disease),CC BY 3.0,Disease Ontology,http://purl.obolibrary.org/obo/DOID_3312
DOID:418,systemic scleroderma,systemic scleroderma (Disease),CC BY 3.0,Disease Ontology,http://purl.obolibrary.org/obo/DOID_418
DOID:2377,multiple sclerosis,multiple sclerosis (Disease),CC BY 3.0,Disease Ontology,http://purl.obolibrary.org/obo/DOID_2377
DOID:4606,bile duct cancer,bile duct cancer (Disease),CC BY 3.0,Disease Ontology,http://purl.obolibrary.org/obo/DOID_4606
DOID:12995,conduct disorder,conduct disorder (Disease),CC BY 3.0,Disease Ontology,http://purl.obolibrary.org/obo/DOID_12995
DOID:4481,allergic rhinitis,allergic rhinitis (Disease),CC BY 3.0,Disease Ontology,http://purl.obolibrary.org/obo/DOID_4481
DOID:11819,ureter cancer,ureter cancer (Disease),CC BY 3.0,Disease Ontology,http://purl.obolibrary.org/obo/DOID_11819
DOID:1909,melanoma,melanoma (Disease),CC BY 3.0,Disease Ontology,http://purl.obolibrary.org/obo/DOID_1909
DOID:14268,sclerosing cholangitis,sclerosing cholangitis (Disease),CC BY 3.0,Disease Ontology,http://purl.obolibrary.org/obo/DOID_14268
DOID:1612,breast cancer,breast cancer (Disease),CC BY 3.0,Disease Ontology,http://purl.obolibrary.org/obo/DOID_1612
DOID:1686,glaucoma,glaucoma (Disease),CC BY 3.0,Disease Ontology,http://purl.obolibrary.org/obo/DOID_1686
DOID:1826,epilepsy syndrome,epilepsy syndrome (Disease),CC BY 3.0,Disease Ontology,http://purl.obolibrary.org/obo/DOID_1826
DOID:0050742,nicotine dependence,nicotine dependence (Disease),CC BY 3.0,Disease Ontology,http://purl.obolibrary.org/obo/DOID_0050742
DOID:824,periodontitis,periodontitis (Disease),CC BY 3.0,Disease Ontology,http://purl.obolibrary.org/obo/DOID_824
DOID:3571,liver cancer,liver cancer (Disease),CC BY 3.0,Disease Ontology,http://purl.obolibrary.org/obo/DOID_3571
DOID:175,vascular cancer,vascular cancer (Disease),CC BY 3.0,Disease Ontology,http://purl.obolibrary.org/obo/DOID_175
DOID:10652,Alzheimer's disease,Alzheimer's disease (Disease),CC BY 3.0,Disease Ontology,http://purl.obolibrary.org/obo/DOID_10652
DOID:10941,intracranial aneurysm,intracranial aneurysm (Disease),CC BY 3.0,Disease Ontology,http://purl.obolibrary.org/obo/DOID_10941
DOID:5099,middle ear cancer,middle ear cancer (Disease),CC BY 3.0,Disease Ontology,http://purl.obolibrary.org/obo/DOID_5099
DOID:2394,ovarian cancer,ovarian cancer (Disease),CC BY 3.0,Disease Ontology,http://purl.obolibrary.org/obo/DOID_2394
DOID:1781,thyroid cancer,thyroid cancer (Disease),CC BY 3.0,Disease Ontology,http://purl.obolibrary.org/obo/DOID_1781
DOID:2174,ocular cancer,ocular cancer (Disease),CC BY 3.0,Disease Ontology,http://purl.obolibrary.org/obo/DOID_2174
DOID:4045,muscle cancer,muscle cancer (Disease),CC BY 3.0,Disease Ontology,http://purl.obolibrary.org/obo/DOID_4045
DOID:1192,peripheral nervous system neoplasm,peripheral nervous system neoplasm (Disease),CC BY 3.0,Disease Ontology,http://purl.obolibrary.org/obo/DOID_1192
DOID:1312,focal segmental glomerulosclerosis,focal segmental glomerulosclerosis (Disease),CC BY 3.0,Disease Ontology,http://purl.obolibrary.org/obo/DOID_1312
DOID:10283,prostate cancer,prostate cancer (Disease),CC BY 3.0,Disease Ontology,http://purl.obolibrary.org/obo/DOID_10283
DOID:1790,malignant mesothelioma,malignant mesothelioma (Disease),CC BY 3.0,Disease Ontology,http://purl.obolibrary.org/obo/DOID_1790
DOID:11920,tracheal cancer,tracheal cancer (Disease),CC BY 3.0,Disease Ontology,http://purl.obolibrary.org/obo/DOID_11920
DOID:8986,narcolepsy,narcolepsy (Disease),CC BY 3.0,Disease Ontology,http://purl.obolibrary.org/obo/DOID_8986
DOID:3277,thymus cancer,thymus cancer (Disease),CC BY 3.0,Disease Ontology,http://purl.obolibrary.org/obo/DOID_3277
DOID:90,degenerative disc disease,degenerative disc disease (Disease),CC BY 3.0,Disease Ontology,http://purl.obolibrary.org/obo/DOID_90
DOID:2596,larynx cancer,larynx cancer (Disease),CC BY 3.0,Disease Ontology,http://purl.obolibrary.org/obo/DOID_2596
DOID:9744,type 1 diabetes mellitus,type 1 diabetes mellitus (Disease),CC BY 3.0,Disease Ontology,http://purl.obolibrary.org/obo/DOID_9744
DOID:8577,ulcerative colitis,ulcerative colitis (Disease),CC BY 3.0,Disease Ontology,http://purl.obolibrary.org/obo/DOID_8577
DOID:184,bone cancer,bone cancer (Disease),CC BY 3.0,Disease Ontology,http://purl.obolibrary.org/obo/DOID_184
DOID:10608,celiac disease,celiac disease (Disease),CC BY 3.0,Disease Ontology,http://purl.obolibrary.org/obo/DOID_10608
DOID:12849,autistic disorder,autistic disorder (Disease),CC BY 3.0,Disease Ontology,http://purl.obolibrary.org/obo/DOID_12849
DOID:3083,chronic obstructive pulmonary disease,chronic obstructive pulmonary disease (Disease),CC BY 3.0,Disease Ontology,http://purl.obolibrary.org/obo/DOID_3083
DOID:11949,Creutzfeldt-Jakob disease,Creutzfeldt-Jakob disease (Disease),CC BY 3.0,Disease Ontology,http://purl.obolibrary.org/obo/DOID_11949
DOID:3121,gallbladder cancer,gallbladder cancer (Disease),CC BY 3.0,Disease Ontology,http://purl.obolibrary.org/obo/DOID_3121
DOID:2986,IgA glomerulonephritis,IgA glomerulonephritis (Disease),CC BY 3.0,Disease Ontology,http://purl.obolibrary.org/obo/DOID_2986
DOID:12306,vitiligo,vitiligo (Disease),CC BY 3.0,Disease Ontology,http://purl.obolibrary.org/obo/DOID_12306
DOID:13223,uterine fibroid,uterine fibroid (Disease),CC BY 3.0,Disease Ontology,http://purl.obolibrary.org/obo/DOID_13223
DOID:1319,brain cancer,brain cancer (Disease),CC BY 3.0,Disease Ontology,http://purl.obolibrary.org/obo/DOID_1319
DOID:263,kidney cancer,kidney cancer (Disease),CC BY 3.0,Disease Ontology,http://purl.obolibrary.org/obo/DOID_263
DOID:0050156,idiopathic pulmonary fibrosis,idiopathic pulmonary fibrosis (Disease),CC BY 3.0,Disease Ontology,http://purl.obolibrary.org/obo/DOID_0050156
DOID:585,nephrolithiasis,nephrolithiasis (Disease),CC BY 3.0,Disease Ontology,http://purl.obolibrary.org/obo/DOID_585
DOID:13499,jejunal cancer,jejunal cancer (Disease),CC BY 3.0,Disease Ontology,http://purl.obolibrary.org/obo/DOID_13499
DOID:2355,anemia,anemia (Disease),CC BY 3.0,Disease Ontology,http://purl.obolibrary.org/obo/DOID_2355
DOID:14004,thoracic aortic aneurysm,thoracic aortic aneurysm (Disease),CC BY 3.0,Disease Ontology,http://purl.obolibrary.org/obo/DOID_14004
DOID:5559,mediastinal cancer,mediastinal cancer (Disease),CC BY 3.0,Disease Ontology,http://purl.obolibrary.org/obo/DOID_5559
DOID:13378,Kawasaki disease,Kawasaki disease (Disease),CC BY 3.0,Disease Ontology,http://purl.obolibrary.org/obo/DOID_13378
DOID:9296,cleft lip,cleft lip (Disease),CC BY 3.0,Disease Ontology,http://purl.obolibrary.org/obo/DOID_9296
DOID:3953,adrenal gland cancer,adrenal gland cancer (Disease),CC BY 3.0,Disease Ontology,http://purl.obolibrary.org/obo/DOID_3953
DOID:14221,metabolic syndrome X,metabolic syndrome X (Disease),CC BY 3.0,Disease Ontology,http://purl.obolibrary.org/obo/DOID_14221
DOID:9008,psoriatic arthritis,psoriatic arthritis (Disease),CC BY 3.0,Disease Ontology,http://purl.obolibrary.org/obo/DOID_9008
DOID:9970,obesity,obesity (Disease),CC BY 3.0,Disease Ontology,http://purl.obolibrary.org/obo/DOID_9970
DOID:9206,Barrett's esophagus,Barrett's esophagus (Disease),CC BY 3.0,Disease Ontology,http://purl.obolibrary.org/obo/DOID_9206
DOID:4362,cervical cancer,cervical cancer (Disease),CC BY 3.0,Disease Ontology,http://purl.obolibrary.org/obo/DOID_4362
DOID:11119,Gilles de la Tourette syndrome,Gilles de la Tourette syndrome (Disease),CC BY 3.0,Disease Ontology,http://purl.obolibrary.org/obo/DOID_11119
DOID:5875,retroperitoneal cancer,retroperitoneal cancer (Disease),CC BY 3.0,Disease Ontology,http://purl.obolibrary.org/obo/DOID_5875
DOID:10871,age related macular degeneration,age related macular degeneration (Disease),CC BY 3.0,Disease Ontology,http://purl.obolibrary.org/obo/DOID_10871
DOID:11239,appendix cancer,appendix cancer (Disease),CC BY 3.0,Disease Ontology,http://purl.obolibrary.org/obo/DOID_11239
DOID:11555,Fuchs' endothelial dystrophy,Fuchs' endothelial dystrophy (Disease),CC BY 3.0,Disease Ontology,http://purl.obolibrary.org/obo/DOID_11555
DOID:3393,coronary artery disease,coronary artery disease (Disease),CC BY 3.0,Disease Ontology,http://purl.obolibrary.org/obo/DOID_3393
DOID:1595,endogenous depression,endogenous depression (Disease),CC BY 3.0,Disease Ontology,http://purl.obolibrary.org/obo/DOID_1595
DOID:1094,attention deficit hyperactivity disorder,attention deficit hyperactivity disorder (Disease),CC BY 3.0,Disease Ontology,http://purl.obolibrary.org/obo/DOID_1094
DOID:5041,esophageal cancer,esophageal cancer (Disease),CC BY 3.0,Disease Ontology,http://purl.obolibrary.org/obo/DOID_5041
DOID:219,colon cancer,colon cancer (Disease),CC BY 3.0,Disease Ontology,http://purl.obolibrary.org/obo/DOID_219
DOID:5419,schizophrenia,schizophrenia (Disease),CC BY 3.0,Disease Ontology,http://purl.obolibrary.org/obo/DOID_5419
DOID:7148,rheumatoid arthritis,rheumatoid arthritis (Disease),CC BY 3.0,Disease Ontology,http://purl.obolibrary.org/obo/DOID_7148
DOID:216,dental caries,dental caries (Disease),CC BY 3.0,Disease Ontology,http://purl.obolibrary.org/obo/DOID_216
DOID:3310,atopic dermatitis,atopic dermatitis (Disease),CC BY 3.0,Disease Ontology,http://purl.obolibrary.org/obo/DOID_3310
DOID:2043,hepatitis B,hepatitis B (Disease),CC BY 3.0,Disease Ontology,http://purl.obolibrary.org/obo/DOID_2043
DOID:1993,rectum cancer,rectum cancer (Disease),CC BY 3.0,Disease Ontology,http://purl.obolibrary.org/obo/DOID_1993
DOID:2998,testicular cancer,testicular cancer (Disease),CC BY 3.0,Disease Ontology,http://purl.obolibrary.org/obo/DOID_2998
DOID:2994,germ cell cancer,germ cell cancer (Disease),CC BY 3.0,Disease Ontology,http://purl.obolibrary.org/obo/DOID_2994
DOID:4989,pancreatitis,pancreatitis (Disease),CC BY 3.0,Disease Ontology,http://purl.obolibrary.org/obo/DOID_4989
DOID:10153,ileum cancer,ileum cancer (Disease),CC BY 3.0,Disease Ontology,http://purl.obolibrary.org/obo/DOID_10153
DOID:8893,psoriasis,psoriasis (Disease),CC BY 3.0,Disease Ontology,http://purl.obolibrary.org/obo/DOID_8893
DOID:6364,migraine,migraine (Disease),CC BY 3.0,Disease Ontology,http://purl.obolibrary.org/obo/DOID_6364
DOID:8398,osteoarthritis,osteoarthritis (Disease),CC BY 3.0,Disease Ontology,http://purl.obolibrary.org/obo/DOID_8398
DOID:2531,hematologic cancer,hematologic cancer (Disease),CC BY 3.0,Disease Ontology,http://purl.obolibrary.org/obo/DOID_2531
DOID:1324,lung cancer,lung cancer (Disease),CC BY 3.0,Disease Ontology,http://purl.obolibrary.org/obo/DOID_1324
DOID:11714,gestational diabetes,gestational diabetes (Disease),CC BY 3.0,Disease Ontology,http://purl.obolibrary.org/obo/DOID_11714
DOID:0050425,restless legs syndrome,restless legs syndrome (Disease),CC BY 3.0,Disease Ontology,http://purl.obolibrary.org/obo/DOID_0050425
DOID:1459,hypothyroidism,hypothyroidism (Disease),CC BY 3.0,Disease Ontology,http://purl.obolibrary.org/obo/DOID_1459
DOID:1964,fallopian tube cancer,fallopian tube cancer (Disease),CC BY 3.0,Disease Ontology,http://purl.obolibrary.org/obo/DOID_1964
DOID:9917,pleural cancer,pleural cancer (Disease),CC BY 3.0,Disease Ontology,http://purl.obolibrary.org/obo/DOID_9917
DOID:0050741,alcohol dependence,alcohol dependence (Disease),CC BY 3.0,Disease Ontology,http://purl.obolibrary.org/obo/DOID_0050741
DOID:1024,leprosy,leprosy (Disease),CC BY 3.0,Disease Ontology,http://purl.obolibrary.org/obo/DOID_1024
DOID:11934,head and neck cancer,head and neck cancer (Disease),CC BY 3.0,Disease Ontology,http://purl.obolibrary.org/obo/DOID_11934
DOID:9835,refractive error,refractive error (Disease),CC BY 3.0,Disease Ontology,http://purl.obolibrary.org/obo/DOID_9835
DOID:119,vaginal cancer,vaginal cancer (Disease),CC BY 3.0,Disease Ontology,http://purl.obolibrary.org/obo/DOID_119
DOID:12365,malaria,malaria (Disease),CC BY 3.0,Disease Ontology,http://purl.obolibrary.org/obo/DOID_12365
DOID:12236,primary biliary cirrhosis,primary biliary cirrhosis (Disease),CC BY 3.0,Disease Ontology,http://purl.obolibrary.org/obo/DOID_12236
DOID:4159,skin cancer,skin cancer (Disease),CC BY 3.0,Disease Ontology,http://purl.obolibrary.org/obo/DOID_4159
DOID:3070,malignant glioma,malignant glioma (Disease),CC BY 3.0,Disease Ontology,http://purl.obolibrary.org/obo/DOID_3070
DOID:12361,Graves' disease,Graves' disease (Disease),CC BY 3.0,Disease Ontology,http://purl.obolibrary.org/obo/DOID_12361
DOID:12185,otosclerosis,otosclerosis (Disease),CC BY 3.0,Disease Ontology,http://purl.obolibrary.org/obo/DOID_12185
DOID:3565,meningioma,meningioma (Disease),CC BY 3.0,Disease Ontology,http://purl.obolibrary.org/obo/DOID_3565
DOID:10976,membranous glomerulonephritis,membranous glomerulonephritis (Disease),CC BY 3.0,Disease Ontology,http://purl.obolibrary.org/obo/DOID_10976
DOID:12930,dilated cardiomyopathy,dilated cardiomyopathy (Disease),CC BY 3.0,Disease Ontology,http://purl.obolibrary.org/obo/DOID_12930
DOID:1725,peritoneum cancer,peritoneum cancer (Disease),CC BY 3.0,Disease Ontology,http://purl.obolibrary.org/obo/DOID_1725
DOID:14330,Parkinson's disease,Parkinson's disease (Disease),CC BY 3.0,Disease Ontology,http://purl.obolibrary.org/obo/DOID_14330
DOID:10021,duodenum cancer,duodenum cancer (Disease),CC BY 3.0,Disease Ontology,http://purl.obolibrary.org/obo/DOID_10021
DOID:11615,penile cancer,penile cancer (Disease),CC BY 3.0,Disease Ontology,http://purl.obolibrary.org/obo/DOID_11615
DOID:11612,polycystic ovary syndrome,polycystic ovary syndrome (Disease),CC BY 3.0,Disease Ontology,http://purl.obolibrary.org/obo/DOID_11612
DOID:13241,Behcet's disease,Behcet's disease (Disease),CC BY 3.0,Disease Ontology,http://purl.obolibrary.org/obo/DOID_13241
DOID:1245,vulva cancer,vulva cancer (Disease),CC BY 3.0,Disease Ontology,http://purl.obolibrary.org/obo/DOID_1245
DOID:9074,systemic lupus erythematosus,systemic lupus erythematosus (Disease),CC BY 3.0,Disease Ontology,http://purl.obolibrary.org/obo/DOID_9074
DOID:635,acquired immunodeficiency syndrome,acquired immunodeficiency syndrome (Disease),CC BY 3.0,Disease Ontology,http://purl.obolibrary.org/obo/DOID_635
DOID:10811,nasal cavity cancer,nasal cavity cancer (Disease),CC BY 3.0,Disease Ontology,http://purl.obolibrary.org/obo/DOID_10811
DOID:7147,ankylosing spondylitis,ankylosing spondylitis (Disease),CC BY 3.0,Disease Ontology,http://purl.obolibrary.org/obo/DOID_7147
DOID:5408,Paget's disease of bone,Paget's disease of bone (Disease),CC BY 3.0,Disease Ontology,http://purl.obolibrary.org/obo/DOID_5408
DOID:0060073,lymphatic system cancer,lymphatic system cancer (Disease),CC BY 3.0,Disease Ontology,http://purl.obolibrary.org/obo/DOID_0060073
DOID:11476,osteoporosis,osteoporosis (Disease),CC BY 3.0,Disease Ontology,http://purl.obolibrary.org/obo/DOID_11476
DOID:7693,abdominal aortic aneurysm,abdominal aortic aneurysm (Disease),CC BY 3.0,Disease Ontology,http://purl.obolibrary.org/obo/DOID_7693
DOID:784,chronic kidney failure,chronic kidney failure (Disease),CC BY 3.0,Disease Ontology,http://purl.obolibrary.org/obo/DOID_784
DOID:2841,asthma,asthma (Disease),CC BY 3.0,Disease Ontology,http://purl.obolibrary.org/obo/DOID_2841
DOID:594,panic disorder,panic disorder (Disease),CC BY 3.0,Disease Ontology,http://purl.obolibrary.org/obo/DOID_594
DOID:332,amyotrophic lateral sclerosis,amyotrophic lateral sclerosis (Disease),CC BY 3.0,Disease Ontology,http://purl.obolibrary.org/obo/DOID_332
DOID:10534,stomach cancer,stomach cancer (Disease),CC BY 3.0,Disease Ontology,http://purl.obolibrary.org/obo/DOID_10534
DOID:13189,gout,gout (Disease),CC BY 3.0,Disease Ontology,http://purl.obolibrary.org/obo/DOID_13189
DOID:1936,atherosclerosis,atherosclerosis (Disease),CC BY 3.0,Disease Ontology,http://purl.obolibrary.org/obo/DOID_1936
DOID:1115,sarcoma,sarcoma (Disease),CC BY 3.0,Disease Ontology,http://purl.obolibrary.org/obo/DOID_1115
DOID:986,alopecia areata,alopecia areata (Disease),CC BY 3.0,Disease Ontology,http://purl.obolibrary.org/obo/DOID_986
